market_class,market_class_label,country_iso3,gics_code,sector,period,monthly_returns,first_return_month,last_return_month,efficiency_score,inefficiency_distance,vr_2m,vr_3m,vr_6m
emerging,Developing (MSCI Emerging proxy),ARE,40,Financials,2008-2010,36,2008-01-31,2010-12-31,-0.31635756864799114,1.3163575686479911,1.6392736904902871,2.192559473611737,3.117239541841949
emerging,Developing (MSCI Emerging proxy),ARE,40,Financials,2020-2021,24,2020-01-31,2021-12-31,0.9237332270462691,0.07626677295373085,1.017507567396905,1.166432456217098,0.9551397047528105
emerging,Developing (MSCI Emerging proxy),ARE,20,Industrials,2020-2021,24,2020-01-31,2021-12-31,0.5201781452003318,0.4798218547996682,0.5953865881278237,0.4762903631047805,0.4888574843683913
emerging,Developing (MSCI Emerging proxy),ARE,60,Real Estate,2020-2021,24,2020-01-31,2021-12-31,0.9065636786596988,0.09343632134030122,0.9879334866612901,1.0809534469605675,0.8127109962783736
emerging,Developing (MSCI Emerging proxy),ARE,40,Financials,2022-2025,48,2022-01-31,2025-12-31,0.8949098487756668,0.10509015122433318,0.9526594764261646,0.9458986670267359,0.7861714028741001
emerging,Developing (MSCI Emerging proxy),ARE,20,Industrials,2022-2025,48,2022-01-31,2025-12-31,0.9420966025474026,0.05790339745259743,1.01838383225164,1.0906208442678402,1.0647055158383119
developed,Developed,AUS,30,Consumer Staples,2008-2010,36,2008-01-31,2010-12-31,0.22079308349117477,0.7792069165088252,1.3140604174967123,1.5479527419841879,2.4756075900455756
developed,Developed,AUS,45,Information Technology,2008-2010,36,2008-01-31,2010-12-31,0.2716360233413888,0.7283639766586112,1.2511006396644742,1.521553083141453,2.4124382071699064
developed,Developed,AUS,10,Energy,2008-2010,36,2008-01-31,2010-12-31,0.3740359320204698,0.6259640679795302,1.3116289772121181,1.5228087316013355,2.043454495125137
developed,Developed,AUS,25,Consumer Discretionary,2008-2010,36,2008-01-31,2010-12-31,0.11181585422852758,0.8881841457714724,1.380675118101492,1.601063521339197,2.6828137978737283
developed,Developed,AUS,40,Financials,2008-2010,36,2008-01-31,2010-12-31,0.12066494636794367,0.8793350536320563,1.379491057850705,1.5976601474760679,2.660853955569396
developed,Developed,AUS,20,Industrials,2008-2010,36,2008-01-31,2010-12-31,0.22667474583175895,0.773325254168241,1.3566793987363113,1.5216396243705903,2.4416567393978217
developed,Developed,AUS,15,Materials,2008-2010,36,2008-01-31,2010-12-31,0.22677018740911326,0.7732298125908867,1.3511479436800526,1.618435166660566,2.3501063274320417
developed,Developed,AUS,35,Health Care,2008-2010,36,2008-01-31,2010-12-31,0.3386342367222315,0.6613657632777685,1.3297649240449751,1.43392960282439,2.2204027629639405
developed,Developed,AUS,50,Communication Services,2008-2010,36,2008-01-31,2010-12-31,0.6900202135219011,0.3099797864780989,1.0322534044423197,1.11200811399083,1.7856778410011467
developed,Developed,AUS,55,Utilities,2008-2010,36,2008-01-31,2010-12-31,0.22327643701526645,0.7767235629847336,1.30560856361161,1.5700473567824338,2.454514768560157
developed,Developed,AUS,30,Consumer Staples,2020-2021,24,2020-01-31,2021-12-31,0.7414727221099442,0.2585272778900558,1.1478328027083025,1.1132407994268185,0.4854917684649535
developed,Developed,AUS,45,Information Technology,2020-2021,24,2020-01-31,2021-12-31,0.8830341309003573,0.11696586909964268,1.075230729120081,0.9926610229486634,0.7316720988724896
developed,Developed,AUS,10,Energy,2020-2021,24,2020-01-31,2021-12-31,0.7849088636092335,0.2150911363907665,1.0557065059828563,0.9184313746548994,0.4920017221556575
developed,Developed,AUS,25,Consumer Discretionary,2020-2021,24,2020-01-31,2021-12-31,0.822020444412734,0.17797955558726597,1.0785218323245618,1.04625116127782,0.5908343268405839
developed,Developed,AUS,40,Financials,2020-2021,24,2020-01-31,2021-12-31,0.8123857169173748,0.18761428308262518,1.1273153578649935,1.1321439625888834,0.6966164712060012
developed,Developed,AUS,20,Industrials,2020-2021,24,2020-01-31,2021-12-31,0.799008572704548,0.20099142729545205,1.0384024066667459,0.9459076357027313,0.4895204890776583
developed,Developed,AUS,15,Materials,2020-2021,24,2020-01-31,2021-12-31,0.7706033909784885,0.2293966090215115,1.182122988734487,1.1203852764509885,0.614318438120941
developed,Developed,AUS,35,Health Care,2020-2021,24,2020-01-31,2021-12-31,0.7510390239917213,0.2489609760082787,1.0814697886317899,0.885730821541983,0.4488560390649708
developed,Developed,AUS,50,Communication Services,2020-2021,24,2020-01-31,2021-12-31,0.6788501627538943,0.3211498372461057,1.205655556407513,1.0826629726405008,0.3248690173096967
developed,Developed,AUS,55,Utilities,2020-2021,24,2020-01-31,2021-12-31,0.747877556402194,0.252122443597806,1.1719705354606744,1.0195333120495647,0.4351365167168211
developed,Developed,AUS,60,Real Estate,2020-2021,24,2020-01-31,2021-12-31,0.7357020499828912,0.26429795001710876,0.9609097972111704,0.8603229106871404,0.38587344205036295
developed,Developed,AUS,30,Consumer Staples,2022-2025,48,2022-01-31,2025-12-31,0.6908642438122456,0.30913575618775435,0.8927420538327934,0.7129478007470244,0.46690287685691895
developed,Developed,AUS,45,Information Technology,2022-2025,48,2022-01-31,2025-12-31,0.8233728191240288,0.17662718087597118,0.9565972835821623,0.8238771469878131,0.689644026802111
developed,Developed,AUS,10,Energy,2022-2025,48,2022-01-31,2025-12-31,0.9102162870260432,0.08978371297395682,0.9902713213305738,0.9927767090954942,0.7476008306520615
developed,Developed,AUS,25,Consumer Discretionary,2022-2025,48,2022-01-31,2025-12-31,0.6390572804441776,0.36094271955582236,0.7933908687152524,0.6017065973142774,0.5220743753030034
developed,Developed,AUS,40,Financials,2022-2025,48,2022-01-31,2025-12-31,0.6379752748318095,0.3620247251681905,0.7676048032537731,0.6365968637366196,0.5097241575050355
developed,Developed,AUS,20,Industrials,2022-2025,48,2022-01-31,2025-12-31,0.6006977247492069,0.3993022752507931,0.7805846462866429,0.564272011310854,0.4572365166501241
developed,Developed,AUS,15,Materials,2022-2025,48,2022-01-31,2025-12-31,0.8341668413235745,0.16583315867642545,0.9315752103935433,0.8804976044704766,0.6904277091067036
developed,Developed,AUS,35,Health Care,2022-2025,48,2022-01-31,2025-12-31,0.6110911239140808,0.3889088760859192,0.7432620062438304,0.5718416163604981,0.5181697491379138
developed,Developed,AUS,50,Communication Services,2022-2025,48,2022-01-31,2025-12-31,0.9577032856961338,0.04229671430386617,1.0371923815587054,0.9461520834591803,0.9641501551879267
developed,Developed,AUS,55,Utilities,2022-2025,48,2022-01-31,2025-12-31,0.78313709550677,0.21686290449322998,0.9759815945784427,0.7706299554481324,0.6027997364937349
developed,Developed,AUS,60,Real Estate,2022-2025,48,2022-01-31,2025-12-31,0.748990628773986,0.25100937122601397,0.9293084820536532,0.739553882434904,0.5781095218334008
developed,Developed,AUT,20,Industrials,2008-2010,36,2008-01-31,2010-12-31,0.3494144443252153,0.6505855556747847,1.315886720281002,1.435943961890265,2.199925984853087
developed,Developed,AUT,40,Financials,2008-2010,36,2008-01-31,2010-12-31,0.14414213816698462,0.8558578618330154,1.4199740120095523,1.61459105751996,2.5330085159695335
developed,Developed,AUT,25,Consumer Discretionary,2008-2010,36,2008-01-31,2010-12-31,0.28350804774053184,0.7164919522594682,1.293555154285914,1.5309492039899537,2.3249714985025367
developed,Developed,AUT,20,Industrials,2020-2021,24,2020-01-31,2021-12-31,0.625623172358192,0.374376827641808,1.3332397304527228,1.3165915525714833,1.473299199901218
developed,Developed,AUT,20,Industrials,2022-2025,48,2022-01-31,2025-12-31,0.7078274709720647,0.29217252902793533,1.1924478055904153,1.3266119709991335,1.3574578104942572
developed,Developed,BEL,20,Industrials,2008-2010,36,2008-01-31,2010-12-31,0.16787130933697547,0.8321286906630245,1.3839181105965412,1.6276952075184863,2.484772753874046
developed,Developed,BEL,15,Materials,2008-2010,36,2008-01-31,2010-12-31,0.3973209310278729,0.6026790689721271,1.2498616543872463,1.3959456394548837,2.1622299130742513
developed,Developed,BEL,30,Consumer Staples,2008-2010,36,2008-01-31,2010-12-31,0.39060192464714427,0.6093980753528557,1.354523171405456,1.4764644776158091,1.9972065770373022
developed,Developed,BEL,40,Financials,2008-2010,36,2008-01-31,2010-12-31,0.06573970464986001,0.93426029535014,1.469617835703168,1.6632731195530133,2.669889930794239
developed,Developed,BEL,25,Consumer Discretionary,2008-2010,36,2008-01-31,2010-12-31,0.23268301050028073,0.7673169894997193,1.2947438763280725,1.4943586035875474,2.512848488583538
developed,Developed,BEL,45,Information Technology,2008-2010,36,2008-01-31,2010-12-31,0.11294633211008609,0.8870536678899139,1.3641523357705583,1.6423608702550376,2.6546477976441456
developed,Developed,BEL,35,Health Care,2008-2010,36,2008-01-31,2010-12-31,0.8868015984948688,0.11319840150513116,0.9857815099834545,0.8920502848452351,1.2174269993440832
developed,Developed,BEL,20,Industrials,2020-2021,24,2020-01-31,2021-12-31,0.7791871660327908,0.2208128339672092,1.1068924461624483,1.175363855196743,1.3801822005424362
developed,Developed,BEL,15,Materials,2020-2021,24,2020-01-31,2021-12-31,0.6940572875754736,0.3059427124245264,1.2322157934778517,1.3099473300947682,1.3756650137009594
developed,Developed,BEL,30,Consumer Staples,2020-2021,24,2020-01-31,2021-12-31,0.7481286970225622,0.25187130297743776,1.373066806435265,1.333603526929521,0.9510564244324727
developed,Developed,BEL,35,Health Care,2020-2021,24,2020-01-31,2021-12-31,0.8299171359980541,0.17008286400194594,0.8630616994062906,1.0337478245468927,0.6604375331347643
developed,Developed,BEL,60,Real Estate,2020-2021,24,2020-01-31,2021-12-31,0.750093814696883,0.24990618530311703,0.9802631656811092,0.8930553840474209,0.37696289436211894
developed,Developed,BEL,20,Industrials,2022-2025,48,2022-01-31,2025-12-31,0.8658786317870616,0.1341213682129384,1.0582763497713952,0.8935495229391148,0.7623627221934651
developed,Developed,BEL,15,Materials,2022-2025,48,2022-01-31,2025-12-31,0.9755460636515579,0.024453936348442062,1.0045643982246413,0.9731799994812836,1.0419774103019686
developed,Developed,BEL,30,Consumer Staples,2022-2025,48,2022-01-31,2025-12-31,0.8622376791598964,0.13776232084010365,1.1507159672584262,1.085110528070673,0.8225395328087883
developed,Developed,BEL,35,Health Care,2022-2025,48,2022-01-31,2025-12-31,0.91533268704969,0.08466731295031005,0.9802312058530023,0.9680660062860829,1.2022991509900154
developed,Developed,BEL,60,Real Estate,2022-2025,48,2022-01-31,2025-12-31,0.9664685764234252,0.03353142357657479,1.0857106069119888,1.0102155629148228,0.9953318990970874
frontier,Frontier,BGD,40,Financials,2008-2010,36,2008-01-31,2010-12-31,0.5202747833514236,0.47972521664857637,1.2571773018054342,1.4313135447749328,1.7506848033653621
frontier,Frontier,BGD,25,Consumer Discretionary,2022-2025,48,2022-01-31,2025-12-31,0.9238074441601092,0.07619255583989082,0.9250970130393887,0.9834394850575722,0.8628858343833666
frontier,Frontier,BGD,40,Financials,2022-2025,48,2022-01-31,2025-12-31,0.8549173705020284,0.14508262949797157,1.1273514449214812,1.063650924378496,0.7557544808060623
frontier,Frontier,BGD,15,Materials,2022-2025,48,2022-01-31,2025-12-31,0.9399474624812129,0.06005253751878714,1.0156664621973939,1.0034524858027145,0.8389613354437468
frontier,Frontier,BGD,20,Industrials,2022-2025,48,2022-01-31,2025-12-31,0.8962830180967444,0.10371698190325562,0.8876743769412566,0.8363652185907101,0.9648094587582665
frontier,Frontier,BGD,30,Consumer Staples,2022-2025,48,2022-01-31,2025-12-31,0.8760223117655691,0.1239776882344309,1.1099154759804135,1.1333819232264417,0.8713643345035625
frontier,Frontier,BGD,35,Health Care,2022-2025,48,2022-01-31,2025-12-31,0.9412965629878299,0.05870343701217007,1.080347649089912,1.034114902402192,0.938352240455594
frontier,Frontier,BGD,55,Utilities,2022-2025,48,2022-01-31,2025-12-31,0.9178715396723948,0.08212846032760523,1.0202523645505641,1.0308533670638638,1.195279649368388
frontier,Frontier,BHR,40,Financials,2008-2010,36,2008-01-31,2010-12-31,0.10765435620077923,0.8923456437992208,1.5426974989767699,1.8838390709473933,2.250500361473499
emerging,Developing (MSCI Emerging proxy),BRA,15,Materials,2008-2010,36,2008-01-31,2010-12-31,-0.013667622453706674,1.0136676224537067,1.5099049226325578,1.8812769557647406,2.6498209889638216
emerging,Developing (MSCI Emerging proxy),BRA,55,Utilities,2008-2010,36,2008-01-31,2010-12-31,-0.07853987393721695,1.078539873937217,1.424754557100478,1.9415288911921136,2.8693361735190592
emerging,Developing (MSCI Emerging proxy),BRA,25,Consumer Discretionary,2008-2010,36,2008-01-31,2010-12-31,-0.1190008086365768,1.1190008086365768,1.4739853669089973,1.8699487734659561,3.013068285534777
emerging,Developing (MSCI Emerging proxy),BRA,40,Financials,2008-2010,36,2008-01-31,2010-12-31,0.09999108792319744,0.9000089120768026,1.3641492632273646,1.7414789653449738,2.5943985076580693
emerging,Developing (MSCI Emerging proxy),BRA,20,Industrials,2008-2010,36,2008-01-31,2010-12-31,-0.11985280580509605,1.119852805805096,1.5022484311101787,1.897140127844962,2.960169858460147
emerging,Developing (MSCI Emerging proxy),BRA,30,Consumer Staples,2008-2010,36,2008-01-31,2010-12-31,-0.13269925815541428,1.1326992581554143,1.486393472731479,1.914285164146597,2.9974191375881674
emerging,Developing (MSCI Emerging proxy),BRA,15,Materials,2020-2021,24,2020-01-31,2021-12-31,0.23099428214721696,0.769005717852783,1.5556374236184474,1.8508272344625216,1.90055249547738
emerging,Developing (MSCI Emerging proxy),BRA,55,Utilities,2020-2021,24,2020-01-31,2021-12-31,0.6449573157460942,0.35504268425390584,1.259897852236984,1.2371190950954392,0.43188889457070556
emerging,Developing (MSCI Emerging proxy),BRA,25,Consumer Discretionary,2020-2021,24,2020-01-31,2021-12-31,0.7151849937368311,0.2848150062631689,1.258166741864361,1.3259852873026066,0.7297070103774608
emerging,Developing (MSCI Emerging proxy),BRA,40,Financials,2020-2021,24,2020-01-31,2021-12-31,0.6305044202270507,0.36949557977294933,1.2926095606650025,1.3150064834120556,0.49912930475821005
emerging,Developing (MSCI Emerging proxy),BRA,20,Industrials,2020-2021,24,2020-01-31,2021-12-31,0.6966299864472819,0.3033700135527181,1.3177292692843738,1.4116174278404219,0.8192366564666415
emerging,Developing (MSCI Emerging proxy),BRA,30,Consumer Staples,2020-2021,24,2020-01-31,2021-12-31,0.6861520634155238,0.3138479365844762,1.3810456622594758,1.5214076786871777,1.0390904688067752
emerging,Developing (MSCI Emerging proxy),BRA,60,Real Estate,2020-2021,24,2020-01-31,2021-12-31,0.6769004481186184,0.3230995518813816,1.3062456577575519,1.3667599254768084,0.7037069275902154
emerging,Developing (MSCI Emerging proxy),BRA,35,Health Care,2020-2021,24,2020-01-31,2021-12-31,0.5738721603787154,0.42612783962128464,1.474358993061066,1.6733065688289974,1.1307179569737904
emerging,Developing (MSCI Emerging proxy),BRA,15,Materials,2022-2025,48,2022-01-31,2025-12-31,0.888598190972612,0.11140180902738805,1.0075758850175747,1.1450961296339202,0.8184665875693306
emerging,Developing (MSCI Emerging proxy),BRA,55,Utilities,2022-2025,48,2022-01-31,2025-12-31,0.9049642172627625,0.09503578273723745,0.9802055563634535,1.030505914958148,0.7651930103829819
emerging,Developing (MSCI Emerging proxy),BRA,25,Consumer Discretionary,2022-2025,48,2022-01-31,2025-12-31,0.9149679923099601,0.08503200769003993,1.0020302510988783,1.0680455331560692,0.8149797611848278
emerging,Developing (MSCI Emerging proxy),BRA,40,Financials,2022-2025,48,2022-01-31,2025-12-31,0.6366553750596384,0.36334462494036157,0.7656629005783739,0.7504268309747847,0.39387639362575644
emerging,Developing (MSCI Emerging proxy),BRA,20,Industrials,2022-2025,48,2022-01-31,2025-12-31,0.526677863516777,0.47332213648322297,0.6177714819800408,0.6049208080763679,0.3573413004939221
emerging,Developing (MSCI Emerging proxy),BRA,30,Consumer Staples,2022-2025,48,2022-01-31,2025-12-31,0.6876145661420872,0.31238543385791284,0.8785192271791424,0.8174337427924372,0.3668907284546818
emerging,Developing (MSCI Emerging proxy),BRA,35,Health Care,2022-2025,48,2022-01-31,2025-12-31,0.8373941597096108,0.16260584029038916,1.0938493747286993,1.08156845486922,0.6876003087267516
developed,Developed,CAN,45,Information Technology,2008-2010,36,2008-01-31,2010-12-31,0.06562611976937449,0.9343738802306255,1.404079621757612,1.7520561878507148,2.64698583108355
developed,Developed,CAN,25,Consumer Discretionary,2008-2010,36,2008-01-31,2010-12-31,0.3161661139763464,0.6838338860236536,1.2720693282725404,1.4074015732032983,2.372030756595122
developed,Developed,CAN,50,Communication Services,2008-2010,36,2008-01-31,2010-12-31,0.3211422387510514,0.6788577612489486,1.2427889346762164,1.528275140114598,2.2655092089560314
developed,Developed,CAN,20,Industrials,2008-2010,36,2008-01-31,2010-12-31,0.2569341639114583,0.7430658360885417,1.3282749214355445,1.509628439934335,2.391294146895746
developed,Developed,CAN,30,Consumer Staples,2008-2010,36,2008-01-31,2010-12-31,0.8190995689624491,0.18090043103755094,1.0845237355540087,1.0526743029509318,1.4055032546077122
developed,Developed,CAN,10,Energy,2008-2010,36,2008-01-31,2010-12-31,0.30115028890660545,0.6988497110933946,1.259799696753871,1.582233440474445,2.254515996051868
developed,Developed,CAN,15,Materials,2008-2010,36,2008-01-31,2010-12-31,0.6144196109817948,0.38558038901820524,1.1853713023668762,1.338825561006965,1.6325443036807747
developed,Developed,CAN,35,Health Care,2008-2010,36,2008-01-31,2010-12-31,0.2352267406610521,0.7647732593389479,1.3101691973155574,1.5167388877412054,2.4674116929600807
developed,Developed,CAN,55,Utilities,2008-2010,36,2008-01-31,2010-12-31,0.04350831062774463,0.9564916893722554,1.4177897300441429,1.737055094330215,2.714630243742408
developed,Developed,CAN,40,Financials,2008-2010,36,2008-01-31,2010-12-31,0.2622020023764092,0.7377979976235908,1.2933647987823969,1.5880661051648308,2.3319630889235445
developed,Developed,CAN,45,Information Technology,2020-2021,24,2020-01-31,2021-12-31,0.7213689472331525,0.2786310527668475,1.0468738968332827,0.8740050076333836,0.3369757308993565
developed,Developed,CAN,25,Consumer Discretionary,2020-2021,24,2020-01-31,2021-12-31,0.8724121742607338,0.1275878257392662,1.0961005319857395,1.1031692282721655,0.8165062830401065
developed,Developed,CAN,50,Communication Services,2020-2021,24,2020-01-31,2021-12-31,0.6992105062509129,0.30078949374908714,1.2613040215535316,1.3355017550601418,1.305562704633588
developed,Developed,CAN,20,Industrials,2020-2021,24,2020-01-31,2021-12-31,0.8026908353904293,0.1973091646095707,0.9805841454006684,0.8427604638620442,0.5847278969085754
developed,Developed,CAN,30,Consumer Staples,2020-2021,24,2020-01-31,2021-12-31,0.9008225286603553,0.09917747133964472,1.0061378643714196,0.9694867629076254,0.7391186874448602
developed,Developed,CAN,10,Energy,2020-2021,24,2020-01-31,2021-12-31,0.9107716180922245,0.08922838190777549,1.0735927074793636,1.0681755314265333,0.8740830931825705
developed,Developed,CAN,15,Materials,2020-2021,24,2020-01-31,2021-12-31,0.8558335865001679,0.14416641349983206,0.962898222438568,0.9030692622044282,0.7015332748575076
developed,Developed,CAN,35,Health Care,2020-2021,24,2020-01-31,2021-12-31,0.7106114913127872,0.2893885086872128,1.2440276577233187,1.3255033790103714,1.2986344893279482
developed,Developed,CAN,55,Utilities,2020-2021,24,2020-01-31,2021-12-31,0.8314108354871801,0.1685891645128199,0.9053667946105507,0.929469810203704,0.6593959016472855
developed,Developed,CAN,40,Financials,2020-2021,24,2020-01-31,2021-12-31,0.7698025101065916,0.23019748989340838,1.21912338579826,1.3463817683134292,1.125087315568536
developed,Developed,CAN,60,Real Estate,2020-2021,24,2020-01-31,2021-12-31,0.8950809010670754,0.10491909893292461,0.9631194791664426,1.0404313381662311,0.7625545622010146
developed,Developed,CAN,45,Information Technology,2022-2025,48,2022-01-31,2025-12-31,0.9378480153772977,0.06215198462270233,0.930171415268357,1.0795590496900613,1.0370683194464028
developed,Developed,CAN,25,Consumer Discretionary,2022-2025,48,2022-01-31,2025-12-31,0.7865207118231607,0.21347928817683925,0.9510812143808379,0.8042979274349754,0.6041829936536689
developed,Developed,CAN,50,Communication Services,2022-2025,48,2022-01-31,2025-12-31,0.8806947222213235,0.1193052777786765,1.0052964414082242,0.9984602445007795,0.6489203635714151
developed,Developed,CAN,20,Industrials,2022-2025,48,2022-01-31,2025-12-31,0.561867689484975,0.438132310515025,0.8004367780533596,0.5455647161924463,0.33960157420911946
developed,Developed,CAN,30,Consumer Staples,2022-2025,48,2022-01-31,2025-12-31,0.6578174724788817,0.34218252752111833,0.8448562964142606,0.6666513490759274,0.46194477194645694
developed,Developed,CAN,10,Energy,2022-2025,48,2022-01-31,2025-12-31,0.6127655107250896,0.38723448927491044,0.7433752807683648,0.6550443285285172,0.43987692287838626
developed,Developed,CAN,15,Materials,2022-2025,48,2022-01-31,2025-12-31,0.9126338623596201,0.08736613764037993,1.0332246831244185,1.0528533399389814,1.17602038985774
developed,Developed,CAN,35,Health Care,2022-2025,48,2022-01-31,2025-12-31,0.7230379273890182,0.2769620726109818,1.1426223406395253,1.2844178067678669,1.4038460704255535
developed,Developed,CAN,55,Utilities,2022-2025,48,2022-01-31,2025-12-31,0.9076536870119671,0.09234631298803286,0.943103866130893,0.9632388269429183,0.8166183679620902
developed,Developed,CAN,40,Financials,2022-2025,48,2022-01-31,2025-12-31,0.8253296674691005,0.17467033253089947,0.8431865241261433,0.8330804016210285,0.7997220766601298
developed,Developed,CAN,60,Real Estate,2022-2025,48,2022-01-31,2025-12-31,0.8741412667022685,0.12585873329773145,1.0749493716017677,1.0641564151903846,0.7615295868989581
developed,Developed,CHE,35,Health Care,2008-2010,36,2008-01-31,2010-12-31,0.7200835009631745,0.2799164990368255,1.0429723254462204,1.184966702629034,1.6118104690352222
developed,Developed,CHE,45,Information Technology,2008-2010,36,2008-01-31,2010-12-31,0.2677566096852648,0.7322433903147352,1.3344839109807898,1.4891312969793142,2.3731149629841015
developed,Developed,CHE,15,Materials,2008-2010,36,2008-01-31,2010-12-31,0.4940301502587132,0.5059698497412868,1.1969040930038963,1.2619394319243398,2.0590660242956242
developed,Developed,CHE,20,Industrials,2008-2010,36,2008-01-31,2010-12-31,0.3369244654024903,0.6630755345975097,1.3331326363961162,1.46078521749114,2.195308749905273
developed,Developed,CHE,25,Consumer Discretionary,2008-2010,36,2008-01-31,2010-12-31,0.14238518355933782,0.8576148164406622,1.3113341115322603,1.6117226016230666,2.6497877361666595
developed,Developed,CHE,30,Consumer Staples,2008-2010,36,2008-01-31,2010-12-31,0.4657891236194235,0.5342108763805765,1.139459464474394,1.306753727347867,2.1564194373194683
developed,Developed,CHE,40,Financials,2008-2010,36,2008-01-31,2010-12-31,0.39521861602881236,0.6047813839711876,1.3251576414610549,1.3977302607898527,2.0914562496626554
developed,Developed,CHE,35,Health Care,2020-2021,24,2020-01-31,2021-12-31,0.6258044186957377,0.37419558130426234,0.8820034065575607,0.7102969507185594,0.2851128988110929
developed,Developed,CHE,45,Information Technology,2020-2021,24,2020-01-31,2021-12-31,0.7815042076529232,0.21849579234707683,1.2749751329377457,1.3146601672092417,0.9341479231057569
developed,Developed,CHE,15,Materials,2020-2021,24,2020-01-31,2021-12-31,0.6986183890495239,0.3013816109504761,1.3157226802973598,1.26097169702331,0.6725495444692416
developed,Developed,CHE,20,Industrials,2020-2021,24,2020-01-31,2021-12-31,0.7000209339943791,0.29997906600562085,1.3387721920557611,1.4222673941271924,0.861102388166091
developed,Developed,CHE,25,Consumer Discretionary,2020-2021,24,2020-01-31,2021-12-31,0.7902431316586614,0.20975686834133855,1.251315886655361,1.340620226674838,0.9626655083061832
developed,Developed,CHE,30,Consumer Staples,2020-2021,24,2020-01-31,2021-12-31,0.8160231450811515,0.18397685491884852,0.9858745265717459,0.8421534740365746,0.620041434635134
developed,Developed,CHE,40,Financials,2020-2021,24,2020-01-31,2021-12-31,0.8040139877861887,0.1959860122138113,1.1019207782496847,1.0285686989660419,0.5425314405742927
developed,Developed,CHE,60,Real Estate,2020-2021,24,2020-01-31,2021-12-31,0.8113583434260774,0.18864165657392262,1.0217744937264372,0.8640114944965098,0.5918380295081594
developed,Developed,CHE,35,Health Care,2022-2025,48,2022-01-31,2025-12-31,0.8922261019729872,0.10777389802701276,0.9395382646940316,0.9050043283280643,0.8321357128968659
developed,Developed,CHE,45,Information Technology,2022-2025,48,2022-01-31,2025-12-31,0.8781124824264506,0.12188751757354943,1.1550543936772428,1.1321790701650367,1.0784290888783687
developed,Developed,CHE,15,Materials,2022-2025,48,2022-01-31,2025-12-31,0.9613373483701646,0.0386626516298354,0.9901069673724233,0.9410364609502426,1.0471313832121723
developed,Developed,CHE,20,Industrials,2022-2025,48,2022-01-31,2025-12-31,0.9133333050319626,0.08666669496803736,1.0249952945295255,1.0491263099883799,1.1858784803862066
developed,Developed,CHE,30,Consumer Staples,2022-2025,48,2022-01-31,2025-12-31,0.872376630233844,0.12762336976615596,1.0513714022638128,1.0094006103064495,0.6779019032717942
developed,Developed,CHE,40,Financials,2022-2025,48,2022-01-31,2025-12-31,0.814403351362468,0.185596648637532,0.817427656337659,0.7684635318117499,0.857318865937995
developed,Developed,CHE,60,Real Estate,2022-2025,48,2022-01-31,2025-12-31,0.9728263576460116,0.027173642353988448,1.0586936522290804,0.9821038295075781,1.004931104340463
emerging,Developing (MSCI Emerging proxy),CHL,30,Consumer Staples,2008-2010,36,2008-01-31,2010-12-31,0.21415300995521347,0.7858469900447865,1.3899710158298804,1.5915290824998822,2.376040871804597
emerging,Developing (MSCI Emerging proxy),CHL,40,Financials,2008-2010,36,2008-01-31,2010-12-31,-0.03206366508205516,1.0320636650820552,1.4892150144388252,1.8318140898407531,2.775161890966587
emerging,Developing (MSCI Emerging proxy),CHL,20,Industrials,2008-2010,36,2008-01-31,2010-12-31,0.08713617868135015,0.9128638213186498,1.3891892416073015,1.7401190009545848,2.6092832213940635
emerging,Developing (MSCI Emerging proxy),CHL,15,Materials,2008-2010,36,2008-01-31,2010-12-31,-0.022782916710976542,1.0227829167109765,1.470116986183548,1.9049389339804899,2.6932928299688914
emerging,Developing (MSCI Emerging proxy),CHL,55,Utilities,2008-2010,36,2008-01-31,2010-12-31,0.6513908107948541,0.34860918920514594,1.1958645208289014,1.3490073597071521,1.5009556870793845
emerging,Developing (MSCI Emerging proxy),CHL,30,Consumer Staples,2020-2021,24,2020-01-31,2021-12-31,0.8382528535305643,0.16174714646943567,1.2054814803268086,1.2485294818989128,1.0312304771825858
emerging,Developing (MSCI Emerging proxy),CHL,40,Financials,2020-2021,24,2020-01-31,2021-12-31,0.5738281449887608,0.4261718550112392,1.2138434848195094,1.337623010351146,1.7270490698630623
emerging,Developing (MSCI Emerging proxy),CHL,20,Industrials,2020-2021,24,2020-01-31,2021-12-31,0.906371783976682,0.09362821602331795,0.9505597514324085,1.1656290996015783,1.065815299900784
emerging,Developing (MSCI Emerging proxy),CHL,15,Materials,2020-2021,24,2020-01-31,2021-12-31,-0.07756525626502775,1.0775652562650277,1.4845783149167502,1.9206934648162663,2.827423989062067
emerging,Developing (MSCI Emerging proxy),CHL,55,Utilities,2020-2021,24,2020-01-31,2021-12-31,0.9301540043608078,0.06984599563919225,1.019668001473359,0.9874282559533285,0.8227017586024536
emerging,Developing (MSCI Emerging proxy),CHL,25,Consumer Discretionary,2020-2021,24,2020-01-31,2021-12-31,0.8991802196232942,0.1008197803767058,1.0163483792339396,1.0642232317449265,0.7781122698487487
emerging,Developing (MSCI Emerging proxy),CHL,30,Consumer Staples,2022-2025,48,2022-01-31,2025-12-31,0.8349361283782536,0.1650638716217464,1.0173251161367454,1.163711508170745,1.314154990557749
emerging,Developing (MSCI Emerging proxy),CHL,40,Financials,2022-2025,48,2022-01-31,2025-12-31,0.8552588550875463,0.1447411449124537,0.8800212467473437,0.9523055556478379,0.7334497628674572
emerging,Developing (MSCI Emerging proxy),CHL,20,Industrials,2022-2025,48,2022-01-31,2025-12-31,0.8276590627136194,0.17234093728638056,0.811241810405577,0.8948056948344265,0.7769296829008547
emerging,Developing (MSCI Emerging proxy),CHL,15,Materials,2022-2025,48,2022-01-31,2025-12-31,0.5980094115440495,0.4019905884559505,0.7043586288876648,0.6268779421103101,0.46279166363417407
emerging,Developing (MSCI Emerging proxy),CHL,55,Utilities,2022-2025,48,2022-01-31,2025-12-31,0.842127706891986,0.15787229310801398,0.8583239752682336,0.820697012467119,0.8473621329406055
emerging,Developing (MSCI Emerging proxy),CHL,25,Consumer Discretionary,2022-2025,48,2022-01-31,2025-12-31,0.920502697768431,0.07949730223156903,1.0066891256044448,1.0369612617208397,1.1948415193694226
emerging,Developing (MSCI Emerging proxy),CHN,25,Consumer Discretionary,2008-2010,36,2008-01-31,2010-12-31,0.33075363688447756,0.6692463631155224,1.138965494491317,1.518783986770967,2.3499896080842833
emerging,Developing (MSCI Emerging proxy),CHN,20,Industrials,2008-2010,36,2008-01-31,2010-12-31,0.6294112158448362,0.37058878415516383,0.9499062392381271,1.2475624509787504,1.8141101407248679
emerging,Developing (MSCI Emerging proxy),CHN,40,Financials,2008-2010,36,2008-01-31,2010-12-31,0.6905801428503029,0.3094198571496971,1.0774462848391353,1.1449191702320913,1.7058941163778645
emerging,Developing (MSCI Emerging proxy),CHN,15,Materials,2008-2010,36,2008-01-31,2010-12-31,0.5958010720149776,0.40419892798502244,1.013690059871382,1.301566305991729,1.8973404180919564
emerging,Developing (MSCI Emerging proxy),CHN,45,Information Technology,2008-2010,36,2008-01-31,2010-12-31,0.5199280256047458,0.4800719743952542,1.0996950253349411,1.3777604818265585,1.962760416024263
emerging,Developing (MSCI Emerging proxy),CHN,30,Consumer Staples,2008-2010,36,2008-01-31,2010-12-31,0.46757183447478357,0.5324281655252164,1.1184128870226842,1.408815162622189,2.070056446930776
emerging,Developing (MSCI Emerging proxy),CHN,55,Utilities,2008-2010,36,2008-01-31,2010-12-31,0.6703565372988161,0.32964346270118394,0.865344803744025,1.1440702032411514,1.7102049886064252
emerging,Developing (MSCI Emerging proxy),CHN,35,Health Care,2008-2010,36,2008-01-31,2010-12-31,0.6722295706886665,0.3277704293113335,0.9756254101347603,1.2232017443534393,1.7357349537153215
emerging,Developing (MSCI Emerging proxy),CHN,10,Energy,2008-2010,36,2008-01-31,2010-12-31,0.6322312668770698,0.36776873312293024,1.065421912658326,1.2967034418817833,1.7411808448286814
emerging,Developing (MSCI Emerging proxy),CHN,25,Consumer Discretionary,2020-2021,24,2020-01-31,2021-12-31,0.4830135063547607,0.5169864936452393,1.358431333251129,1.5394185431015963,1.6531096045829925
emerging,Developing (MSCI Emerging proxy),CHN,20,Industrials,2020-2021,24,2020-01-31,2021-12-31,0.8080083295632,0.1919916704368,1.16853732870629,1.099482540905245,0.6920448583011352
emerging,Developing (MSCI Emerging proxy),CHN,40,Financials,2020-2021,24,2020-01-31,2021-12-31,0.9011454301229364,0.09885456987706365,1.1388795402682823,1.0351403352880915,1.122543834074817
emerging,Developing (MSCI Emerging proxy),CHN,15,Materials,2020-2021,24,2020-01-31,2021-12-31,0.7598433576904753,0.24015664230952471,1.1297700648330165,0.9665368296546536,0.44276330824978855
emerging,Developing (MSCI Emerging proxy),CHN,45,Information Technology,2020-2021,24,2020-01-31,2021-12-31,0.701849585508362,0.29815041449163804,0.9823188800505132,0.8503854142172416,0.2728444622573309
emerging,Developing (MSCI Emerging proxy),CHN,30,Consumer Staples,2020-2021,24,2020-01-31,2021-12-31,0.49368781841590736,0.5063121815840926,1.3925931990908675,1.370759825265849,1.7555835203955614
emerging,Developing (MSCI Emerging proxy),CHN,55,Utilities,2020-2021,24,2020-01-31,2021-12-31,0.5321822389803985,0.4678177610196015,0.8193362229927403,0.5318246780697394,0.24538581587871552
emerging,Developing (MSCI Emerging proxy),CHN,35,Health Care,2020-2021,24,2020-01-31,2021-12-31,0.6622855110508603,0.3377144889491397,1.2697731352373254,1.3430195048808926,1.4003508267292013
emerging,Developing (MSCI Emerging proxy),CHN,10,Energy,2020-2021,24,2020-01-31,2021-12-31,0.8413006413523796,0.15869935864762041,1.2495771623107865,1.0556027220074957,0.8290818083754209
emerging,Developing (MSCI Emerging proxy),CHN,60,Real Estate,2020-2021,24,2020-01-31,2021-12-31,0.7650241770396036,0.23497582296039643,1.0042596889468085,0.7148422716012592,0.58448994846436
emerging,Developing (MSCI Emerging proxy),CHN,50,Communication Services,2020-2021,24,2020-01-31,2021-12-31,0.9091606612300784,0.09083933876992156,1.1494100679222037,1.0793264531556759,0.9562185047681148
emerging,Developing (MSCI Emerging proxy),CHN,25,Consumer Discretionary,2022-2025,48,2022-01-31,2025-12-31,0.7898384571607568,0.21016154283924315,1.0915164587878012,1.038590284171702,0.4996221144417738
emerging,Developing (MSCI Emerging proxy),CHN,20,Industrials,2022-2025,48,2022-01-31,2025-12-31,0.8880026735913363,0.11199732640866367,1.061478645200625,1.027245184433545,0.7527318504081791
emerging,Developing (MSCI Emerging proxy),CHN,40,Financials,2022-2025,48,2022-01-31,2025-12-31,0.8556921105392962,0.14430788946070383,0.8904793273320004,0.901968586795286,0.7746284174906022
emerging,Developing (MSCI Emerging proxy),CHN,15,Materials,2022-2025,48,2022-01-31,2025-12-31,0.9161314766244681,0.08386852337553186,1.014566432364193,0.9915329140990403,0.771427948138557
emerging,Developing (MSCI Emerging proxy),CHN,45,Information Technology,2022-2025,48,2022-01-31,2025-12-31,0.9640757726970581,0.03592422730294187,1.0299218036435556,1.025794818275987,0.9479439400107171
emerging,Developing (MSCI Emerging proxy),CHN,30,Consumer Staples,2022-2025,48,2022-01-31,2025-12-31,0.6775920482995811,0.3224079517004189,0.9168969876221185,0.7988453034922341,0.3170338537843906
emerging,Developing (MSCI Emerging proxy),CHN,55,Utilities,2022-2025,48,2022-01-31,2025-12-31,0.6988801921715584,0.3011198078284416,0.8089227714661126,0.7488618468309118,0.5388559582176509
emerging,Developing (MSCI Emerging proxy),CHN,35,Health Care,2022-2025,48,2022-01-31,2025-12-31,0.7616891062652626,0.23831089373473735,0.852690335634152,0.7822589401923298,0.6501180429693063
emerging,Developing (MSCI Emerging proxy),CHN,10,Energy,2022-2025,48,2022-01-31,2025-12-31,0.6645179870949838,0.3354820129050162,0.751630124262087,0.6465202627072119,0.5954035743156527
emerging,Developing (MSCI Emerging proxy),CHN,60,Real Estate,2022-2025,48,2022-01-31,2025-12-31,0.7359180864287418,0.2640819135712582,0.8237748295021362,0.8039453949019644,0.580034034882125
emerging,Developing (MSCI Emerging proxy),CHN,50,Communication Services,2022-2025,48,2022-01-31,2025-12-31,0.9523557837978268,0.047644216202173184,1.0417322345644504,1.035785505175927,1.065414908866142
frontier,Frontier,CIV,40,Financials,2020-2021,24,2020-01-31,2021-12-31,0.7084090676400856,0.2915909323599144,1.4038403643152397,1.3685943996205554,0.897661966856052
frontier,Frontier,CIV,40,Financials,2022-2025,48,2022-01-31,2025-12-31,0.5394464964727141,0.46055350352728586,1.1946080557697387,1.388863621936014,1.7981888328761049
emerging,Developing (MSCI Emerging proxy),COL,40,Financials,2008-2010,36,2008-01-31,2010-12-31,0.3737137263525643,0.6262862736474357,1.3309928305046408,1.4349247997614896,2.112941190676177
developed,Developed,DEU,30,Consumer Staples,2008-2010,36,2008-01-31,2010-12-31,0.7281310423931961,0.27186895760680385,1.0910546570609114,1.0999415106144745,1.6246107051450254
developed,Developed,DEU,45,Information Technology,2008-2010,36,2008-01-31,2010-12-31,0.6502649725921563,0.3497350274078437,1.1725061507388763,1.2318690452115644,1.6448298862730906
developed,Developed,DEU,40,Financials,2008-2010,36,2008-01-31,2010-12-31,0.7159895488315886,0.2840104511684114,1.16802632632435,1.078587203791467,1.6054178233894174
developed,Developed,DEU,35,Health Care,2008-2010,36,2008-01-31,2010-12-31,0.5199788673972883,0.48002113260271173,1.233827482004681,1.3337576714262636,1.8724782443771908
developed,Developed,DEU,15,Materials,2008-2010,36,2008-01-31,2010-12-31,0.37530766987074016,0.6246923301292598,1.320402993337616,1.4402080458196762,2.1134659512304874
developed,Developed,DEU,55,Utilities,2008-2010,36,2008-01-31,2010-12-31,0.6556506066255638,0.34434939337443615,1.2203371299845194,1.1891827408987563,1.623528309240033
developed,Developed,DEU,20,Industrials,2008-2010,36,2008-01-31,2010-12-31,0.6721342095112406,0.3278657904887594,1.1721778981638344,1.1330059038893097,1.6784135694131341
developed,Developed,DEU,25,Consumer Discretionary,2008-2010,36,2008-01-31,2010-12-31,0.8379808969876246,0.16201910301237543,0.8594525564397948,0.8017749301434146,0.8527152043796644
developed,Developed,DEU,10,Energy,2008-2010,36,2008-01-31,2010-12-31,0.494398738425869,0.505601261574131,1.3088417532026808,1.4620005263617597,1.7459615051579525
developed,Developed,DEU,30,Consumer Staples,2020-2021,24,2020-01-31,2021-12-31,0.6660045590232058,0.33399544097679423,1.3890684682729988,1.4308584778303925,1.1820593768269914
developed,Developed,DEU,45,Information Technology,2020-2021,24,2020-01-31,2021-12-31,0.7207115901049974,0.2792884098950026,0.9951396307467556,0.8346299039155725,0.33236523565266396
developed,Developed,DEU,40,Financials,2020-2021,24,2020-01-31,2021-12-31,0.782580302346565,0.21741969765343505,1.0787327580864334,0.9664321368369936,0.46004152828913464
developed,Developed,DEU,35,Health Care,2020-2021,24,2020-01-31,2021-12-31,0.828250266509462,0.17174973349053801,1.1329714424926147,0.9131792440673899,0.7045429979536109
developed,Developed,DEU,15,Materials,2020-2021,24,2020-01-31,2021-12-31,0.7217327472904951,0.2782672527095049,1.261163048687338,1.3380123556202228,1.2356263538209542
developed,Developed,DEU,55,Utilities,2020-2021,24,2020-01-31,2021-12-31,0.7505213925223115,0.24947860747768846,1.2375788293790884,1.2076199647243921,0.6967629716704151
developed,Developed,DEU,20,Industrials,2020-2021,24,2020-01-31,2021-12-31,0.779272691857301,0.22072730814269903,1.3093020064215677,1.2865769599413546,0.9336970419348252
developed,Developed,DEU,25,Consumer Discretionary,2020-2021,24,2020-01-31,2021-12-31,0.509452989136921,0.49054701086307895,1.4145386477585937,1.5895928993287547,1.4675094855018884
developed,Developed,DEU,50,Communication Services,2020-2021,24,2020-01-31,2021-12-31,0.8059177230924199,0.19408227690758006,1.0862810128316547,0.9616735682609907,0.5423606138479237
developed,Developed,DEU,60,Real Estate,2020-2021,24,2020-01-31,2021-12-31,0.7634048816008188,0.23659511839918124,1.3060330003499498,1.2219875275095253,0.8182351726619314
developed,Developed,DEU,30,Consumer Staples,2022-2025,48,2022-01-31,2025-12-31,0.9008061016504608,0.09919389834953918,1.0430659862269689,1.0370383744151792,1.2174773344064693
developed,Developed,DEU,45,Information Technology,2022-2025,48,2022-01-31,2025-12-31,0.9585616595794308,0.04143834042056915,0.9938652639488803,0.9011212259009451,0.9806984888884672
developed,Developed,DEU,40,Financials,2022-2025,48,2022-01-31,2025-12-31,0.7545012183942966,0.24549878160570338,1.095738967427591,1.2579459326377653,1.3828114447517537
developed,Developed,DEU,35,Health Care,2022-2025,48,2022-01-31,2025-12-31,0.7752215216891979,0.2247784783108021,0.8174285274164121,0.7338714348145898,0.7743646028365918
developed,Developed,DEU,15,Materials,2022-2025,48,2022-01-31,2025-12-31,0.9274710822089328,0.07252891779106718,0.9576358515549248,0.9586866264227489,1.1339092313508754
developed,Developed,DEU,55,Utilities,2022-2025,48,2022-01-31,2025-12-31,0.8177433931419806,0.18225660685801937,0.9592988721740308,1.0959366205848802,1.4101320721632087
developed,Developed,DEU,20,Industrials,2022-2025,48,2022-01-31,2025-12-31,0.8527880615405097,0.14721193845949032,1.0255555920850243,1.0777170544701509,1.3383631688232958
developed,Developed,DEU,25,Consumer Discretionary,2022-2025,48,2022-01-31,2025-12-31,0.9118216848754853,0.08817831512451468,1.0919665038123005,1.0664945383724826,1.1060739031887608
developed,Developed,DEU,50,Communication Services,2022-2025,48,2022-01-31,2025-12-31,0.8595470614558965,0.14045293854410346,1.0912568530405853,1.1663426626543372,1.1637592999373878
developed,Developed,DEU,60,Real Estate,2022-2025,48,2022-01-31,2025-12-31,0.8008386062214573,0.1991613937785427,1.1217813665269418,1.1702472254146032,1.305455589394083
developed,Developed,DNK,25,Consumer Discretionary,2008-2010,36,2008-01-31,2010-12-31,-0.13557439993082543,1.1355743999308254,1.5090937825093764,1.9267231155377573,2.9709063017453428
developed,Developed,DNK,20,Industrials,2008-2010,36,2008-01-31,2010-12-31,0.4709129374430072,0.5290870625569928,1.2893149145725216,1.398891945400736,1.8990543276977208
developed,Developed,DNK,40,Financials,2008-2010,36,2008-01-31,2010-12-31,0.12733318392860282,0.8726668160713972,1.3810600082937474,1.6371437428513782,2.5997966970690656
developed,Developed,DNK,45,Information Technology,2008-2010,36,2008-01-31,2010-12-31,0.5042686748055047,0.49573132519449525,1.2490144533097778,1.3430464247731202,1.8951330975005876
developed,Developed,DNK,35,Health Care,2008-2010,36,2008-01-31,2010-12-31,0.594250073704444,0.40574992629555595,1.0374039928502299,1.2509258699360477,1.92891991610039
developed,Developed,DNK,25,Consumer Discretionary,2020-2021,24,2020-01-31,2021-12-31,0.8180716111338107,0.18192838886618934,1.244404112446251,1.083458022722372,0.782076968570055
developed,Developed,DNK,20,Industrials,2020-2021,24,2020-01-31,2021-12-31,0.5298820642419428,0.47011793575805716,1.369766717978563,1.41414926283714,1.6264378264584682
developed,Developed,DNK,40,Financials,2020-2021,24,2020-01-31,2021-12-31,0.732817940650478,0.267182059349522,1.222756768470117,1.2143853849791242,0.6355959754006751
developed,Developed,DNK,45,Information Technology,2020-2021,24,2020-01-31,2021-12-31,0.8594850512427749,0.14051494875722514,1.2497445271729721,1.1153734549119516,1.0564268641867516
developed,Developed,DNK,35,Health Care,2020-2021,24,2020-01-31,2021-12-31,0.6171295602231397,0.3828704397768603,0.7563670049087393,0.60442558983645,0.49059608592423
developed,Developed,DNK,60,Real Estate,2020-2021,24,2020-01-31,2021-12-31,0.6433368806867945,0.3566631193132055,0.9246460784646947,0.7594539528758188,0.24591061071987017
developed,Developed,DNK,25,Consumer Discretionary,2022-2025,48,2022-01-31,2025-12-31,0.7690650556464583,0.23093494435354167,1.1584608369756433,1.1163626909287283,1.4179813051562535
developed,Developed,DNK,20,Industrials,2022-2025,48,2022-01-31,2025-12-31,0.9658359992743636,0.03416400072563641,0.9882446812243955,0.9280609769063743,1.0187976603076792
developed,Developed,DNK,40,Financials,2022-2025,48,2022-01-31,2025-12-31,0.8489194021022468,0.1510805978977532,0.9642668533234936,1.1609200755915126,1.2565885714252405
developed,Developed,DNK,45,Information Technology,2022-2025,48,2022-01-31,2025-12-31,0.9646037498372667,0.03539625016273329,0.9975215220753378,1.0148624479525297,0.911152175388992
developed,Developed,DNK,35,Health Care,2022-2025,48,2022-01-31,2025-12-31,0.7451009606466996,0.2548990393533004,0.9633404636482515,0.9592612978809801,1.687298879589133
emerging,Developing (MSCI Emerging proxy),EGY,40,Financials,2008-2010,36,2008-01-31,2010-12-31,-0.09135417684817715,1.0913541768481771,1.5144980327710464,1.8328592618412383,2.926705235932247
emerging,Developing (MSCI Emerging proxy),EGY,15,Materials,2008-2010,36,2008-01-31,2010-12-31,0.25297218272066246,0.7470278172793375,1.359725678317027,1.6679553902656807,2.2134023832553047
emerging,Developing (MSCI Emerging proxy),EGY,25,Consumer Discretionary,2008-2010,36,2008-01-31,2010-12-31,0.3008421225968193,0.6991578774031807,1.331770599149455,1.530330695469353,2.235372337590734
emerging,Developing (MSCI Emerging proxy),EGY,30,Consumer Staples,2008-2010,36,2008-01-31,2010-12-31,0.3862031727269605,0.6137968272730395,1.3185668248488807,1.5749750878779385,1.9478485690922993
emerging,Developing (MSCI Emerging proxy),EGY,20,Industrials,2008-2010,36,2008-01-31,2010-12-31,0.20619408663324312,0.7938059133667569,1.3811206449884557,1.620661447442009,2.379635647669806
emerging,Developing (MSCI Emerging proxy),EGY,40,Financials,2020-2021,24,2020-01-31,2021-12-31,0.7661142474150684,0.2338857525849316,0.848028487770992,0.8373352668589749,0.6129789876152383
emerging,Developing (MSCI Emerging proxy),EGY,15,Materials,2020-2021,24,2020-01-31,2021-12-31,0.894721211296409,0.10527878870359098,1.0158996062408416,1.1791892392135301,0.8792524793435987
emerging,Developing (MSCI Emerging proxy),EGY,25,Consumer Discretionary,2020-2021,24,2020-01-31,2021-12-31,0.8538537796873753,0.1461462203126247,1.0539463973842462,1.1576695937460508,0.773177330192423
emerging,Developing (MSCI Emerging proxy),EGY,30,Consumer Staples,2020-2021,24,2020-01-31,2021-12-31,0.7943092544396074,0.20569074556039257,1.0716901360586808,1.0985915091938392,0.5532094085713424
emerging,Developing (MSCI Emerging proxy),EGY,20,Industrials,2020-2021,24,2020-01-31,2021-12-31,0.9483989596026093,0.05160104039739066,1.0693775644060313,1.059116544465564,0.9736909876794232
emerging,Developing (MSCI Emerging proxy),EGY,35,Health Care,2020-2021,24,2020-01-31,2021-12-31,0.6069328152857834,0.39306718471421664,0.8436841966718731,0.7514529357144089,0.22566131347106794
emerging,Developing (MSCI Emerging proxy),EGY,60,Real Estate,2020-2021,24,2020-01-31,2021-12-31,0.8271464256421179,0.17285357435788207,0.9985359409950526,1.1554865630804703,0.6383898990117716
emerging,Developing (MSCI Emerging proxy),EGY,40,Financials,2022-2025,48,2022-01-31,2025-12-31,0.8116586615031379,0.18834133849686208,1.191180197913673,1.221748982405812,1.1520948351711013
emerging,Developing (MSCI Emerging proxy),EGY,15,Materials,2022-2025,48,2022-01-31,2025-12-31,0.6650161102799925,0.3349838897200075,1.3067708250082501,1.3484292375552887,1.3497516065964836
emerging,Developing (MSCI Emerging proxy),EGY,25,Consumer Discretionary,2022-2025,48,2022-01-31,2025-12-31,0.8593102027166362,0.14068979728336384,1.1509956914130084,1.1434633471943325,0.8723896467572494
emerging,Developing (MSCI Emerging proxy),EGY,30,Consumer Staples,2022-2025,48,2022-01-31,2025-12-31,0.893707011775266,0.10629298822473399,1.1513020001719483,1.1254981865906493,1.0420787779116045
emerging,Developing (MSCI Emerging proxy),EGY,20,Industrials,2022-2025,48,2022-01-31,2025-12-31,0.861964124652413,0.138035875347587,1.2247790112157386,1.1022282656728102,0.9128996508457877
emerging,Developing (MSCI Emerging proxy),EGY,35,Health Care,2022-2025,48,2022-01-31,2025-12-31,0.8670168175233196,0.1329831824766804,1.0988496045274547,1.078316182413899,1.2217837604886874
emerging,Developing (MSCI Emerging proxy),EGY,60,Real Estate,2022-2025,48,2022-01-31,2025-12-31,0.570214963272363,0.429785036727637,0.7625280803785783,0.5514924989517761,0.3966243104867345
developed,Developed,ESP,15,Materials,2008-2010,36,2008-01-31,2010-12-31,0.6606256693109398,0.3393743306890602,1.1548388619775012,1.1443111832257473,1.7189729468639323
developed,Developed,ESP,25,Consumer Discretionary,2008-2010,36,2008-01-31,2010-12-31,0.7729149043959065,0.2270850956040935,1.125770541117006,1.0545181085397846,1.50096663715549
developed,Developed,ESP,40,Financials,2008-2010,36,2008-01-31,2010-12-31,0.6114959146021588,0.3885040853978412,1.2034517686359194,1.1891444229305639,1.7729160646270405
developed,Developed,ESP,20,Industrials,2008-2010,36,2008-01-31,2010-12-31,0.6451376324955007,0.3548623675044993,1.1603472294810566,1.1968142983884695,1.7074255746439715
developed,Developed,ESP,35,Health Care,2008-2010,36,2008-01-31,2010-12-31,0.699972366596928,0.30002763340307204,1.17728307067696,1.255556789335452,1.4672430401968044
developed,Developed,ESP,15,Materials,2020-2021,24,2020-01-31,2021-12-31,0.853125604613215,0.14687439538678504,1.1028658778686606,1.182809821232936,1.1549474870587584
developed,Developed,ESP,25,Consumer Discretionary,2020-2021,24,2020-01-31,2021-12-31,0.8191494656273249,0.18085053437267506,0.9343632771410173,0.7455019748968106,0.7775831448441469
developed,Developed,ESP,40,Financials,2020-2021,24,2020-01-31,2021-12-31,0.7711896654073698,0.22881033459263023,1.1353110487555047,1.2280651830806217,1.3230547719417642
developed,Developed,ESP,20,Industrials,2020-2021,24,2020-01-31,2021-12-31,0.8897678295634242,0.11023217043657585,1.1299807134559616,0.9830026156549799,0.816281586491254
developed,Developed,ESP,35,Health Care,2020-2021,24,2020-01-31,2021-12-31,0.77260174902213,0.22739825097787003,0.7143989700014911,0.7216701974720344,0.8817360795928643
developed,Developed,ESP,60,Real Estate,2020-2021,24,2020-01-31,2021-12-31,0.920644026213004,0.07935597378699599,1.014597893738951,0.9856753761805228,0.7908545961974401
developed,Developed,ESP,55,Utilities,2022-2025,48,2022-01-31,2025-12-31,0.9475990894604222,0.05240091053957785,1.06560002537468,0.9991970169786799,0.9092002767772667
developed,Developed,ESP,25,Consumer Discretionary,2022-2025,48,2022-01-31,2025-12-31,0.9156499211585939,0.0843500788414061,1.0299596847991321,0.9805065550285023,0.7964028932464114
developed,Developed,ESP,40,Financials,2022-2025,48,2022-01-31,2025-12-31,0.6893574657891499,0.3106425342108501,1.1658124875495333,1.3128908878165033,1.4532242272665137
developed,Developed,ESP,20,Industrials,2022-2025,48,2022-01-31,2025-12-31,0.9392635320135623,0.060736467986437725,0.9428997117487861,0.9696944709052179,1.0948035866133172
developed,Developed,ESP,35,Health Care,2022-2025,48,2022-01-31,2025-12-31,0.8971306157846765,0.10286938421532354,1.1433125276240894,1.0797990893295961,1.085496535692285
developed,Developed,ESP,45,Information Technology,2022-2025,48,2022-01-31,2025-12-31,0.4927201536064779,0.5072798463935221,1.165384070836108,1.4401199413024335,1.9163355270420248
developed,Developed,ESP,60,Real Estate,2022-2025,48,2022-01-31,2025-12-31,0.9556167987935682,0.0443832012064318,1.0693649773566578,1.006753626547443,0.9429690002848056
developed,Developed,FIN,25,Consumer Discretionary,2008-2010,36,2008-01-31,2010-12-31,-0.04070457717957532,1.0407045771795753,1.406794779172702,1.8012952593644842,2.91402369300154
developed,Developed,FIN,20,Industrials,2008-2010,36,2008-01-31,2010-12-31,0.022286593617414696,0.9777134063825853,1.4193866688498158,1.6998817608029761,2.813871789494964
developed,Developed,FIN,40,Financials,2008-2010,36,2008-01-31,2010-12-31,0.6054625182481228,0.3945374817518772,1.2599645545269424,1.2104480262296806,1.7131998644990085
developed,Developed,FIN,45,Information Technology,2008-2010,36,2008-01-31,2010-12-31,0.9378535911777953,0.06214640882220468,1.060386027731317,1.0484602990315237,1.0775928997037731
developed,Developed,FIN,25,Consumer Discretionary,2020-2021,24,2020-01-31,2021-12-31,0.5999646566365469,0.40003534336345314,1.2902186082007447,1.4356766715067213,1.4742107503828932
developed,Developed,FIN,20,Industrials,2020-2021,24,2020-01-31,2021-12-31,0.7465741513796909,0.25342584862030915,1.268272198659857,1.3673690189506689,1.1246363282504017
developed,Developed,FIN,40,Financials,2020-2021,24,2020-01-31,2021-12-31,0.7936336052056153,0.20636639479438468,1.0308380994484638,0.8959930867570501,0.5157458283082595
developed,Developed,FIN,45,Information Technology,2020-2021,24,2020-01-31,2021-12-31,0.8037699006598761,0.19623009934012392,1.153778391460571,0.9244924855415331,0.6405956078986663
developed,Developed,FIN,25,Consumer Discretionary,2022-2025,48,2022-01-31,2025-12-31,0.727728165282906,0.27227183471709404,1.1600322310833904,1.1697272291307386,1.4870560439371534
developed,Developed,FIN,20,Industrials,2022-2025,48,2022-01-31,2025-12-31,0.6673503401533738,0.3326496598466262,1.2075606850220995,1.320476383407695,1.4699119111100845
developed,Developed,FIN,40,Financials,2022-2025,48,2022-01-31,2025-12-31,0.8349292967597876,0.16507070324021245,1.158357771266591,1.1627119429298736,1.174142395524173
developed,Developed,FIN,45,Information Technology,2022-2025,48,2022-01-31,2025-12-31,0.7980101036583177,0.2019898963416823,1.1661768420079779,1.2138196064348594,1.2259732405822095
developed,Developed,FIN,35,Health Care,2022-2025,48,2022-01-31,2025-12-31,0.8424707323195754,0.15752926768042463,1.1794049960754958,1.1772584828926917,1.1159243240730863
developed,Developed,FRA,20,Industrials,2008-2010,36,2008-01-31,2010-12-31,0.5360892867902947,0.46391071320970534,1.2193382262982062,1.23044726390488,1.9419466494260296
developed,Developed,FRA,45,Information Technology,2008-2010,36,2008-01-31,2010-12-31,0.5256137668721892,0.4743862331278108,1.2357638064781882,1.2917606671699828,1.8956342257352614
developed,Developed,FRA,40,Financials,2008-2010,36,2008-01-31,2010-12-31,0.5468469468163066,0.45315305318369337,1.2457650988815239,1.2526732147745034,1.8610208458950528
developed,Developed,FRA,15,Materials,2008-2010,36,2008-01-31,2010-12-31,0.2503263384685278,0.7496736615314722,1.2952171815856353,1.5187150892647605,2.4350887137440207
developed,Developed,FRA,35,Health Care,2008-2010,36,2008-01-31,2010-12-31,0.8560485483486645,0.1439514516513355,0.9774073705056336,0.8955136362291717,1.3047753616888118
developed,Developed,FRA,30,Consumer Staples,2008-2010,36,2008-01-31,2010-12-31,0.6432191208494495,0.35678087915055046,1.1041774646096525,1.0922585559866942,1.8739066168553047
developed,Developed,FRA,25,Consumer Discretionary,2008-2010,36,2008-01-31,2010-12-31,0.5408379698618957,0.4591620301381043,1.1841360497079907,1.2414972216270992,1.951852819079223
developed,Developed,FRA,55,Utilities,2008-2010,36,2008-01-31,2010-12-31,0.6865368388143018,0.31346316118569817,1.224385740397108,1.1759820684763154,1.5400216746836715
developed,Developed,FRA,20,Industrials,2020-2021,24,2020-01-31,2021-12-31,0.8088103149009709,0.19118968509902912,1.1812266184882017,1.1786223218106147,0.786279885001729
developed,Developed,FRA,10,Energy,2020-2021,24,2020-01-31,2021-12-31,0.8758697641563964,0.12413023584360361,1.0103106493874416,0.8773815287825835,0.7605384130740475
developed,Developed,FRA,45,Information Technology,2020-2021,24,2020-01-31,2021-12-31,0.7348945501070984,0.26510544989290163,1.1444580797465338,0.9953677844876584,0.35377394558017056
developed,Developed,FRA,40,Financials,2020-2021,24,2020-01-31,2021-12-31,0.840635152824162,0.159364847175838,1.1293085396532128,1.1092832921690075,0.7604972902947064
developed,Developed,FRA,15,Materials,2020-2021,24,2020-01-31,2021-12-31,0.73137781182952,0.26862218817048,1.1448880939356978,1.153601656226924,0.4926231856511815
developed,Developed,FRA,35,Health Care,2020-2021,24,2020-01-31,2021-12-31,0.7516565981906874,0.24834340180931258,0.8553818983620457,0.8884747880551496,0.511113108154867
developed,Developed,FRA,30,Consumer Staples,2020-2021,24,2020-01-31,2021-12-31,0.8169436215685333,0.18305637843146672,1.0270317284716115,0.9481597642859407,0.5297028288912707
developed,Developed,FRA,25,Consumer Discretionary,2020-2021,24,2020-01-31,2021-12-31,0.7709083349389957,0.2290916650610043,1.312813101144206,1.3227579077251528,1.0517039863136544
developed,Developed,FRA,50,Communication Services,2020-2021,24,2020-01-31,2021-12-31,0.7267549957813866,0.2732450042186134,1.332179184466009,1.4081262994043005,0.9205704712144693
developed,Developed,FRA,60,Real Estate,2020-2021,24,2020-01-31,2021-12-31,0.8207055727594533,0.17929442724054667,1.205279974998614,1.280144691038436,1.05245861568459
developed,Developed,FRA,20,Industrials,2022-2025,48,2022-01-31,2025-12-31,0.882281084380508,0.11771891561949199,0.8878721649467171,0.8996465788410264,1.1406754906462195
developed,Developed,FRA,10,Energy,2022-2025,48,2022-01-31,2025-12-31,0.7093595531933601,0.2906404468066399,0.8213952665649756,0.774341581237682,0.5323418117774225
developed,Developed,FRA,45,Information Technology,2022-2025,48,2022-01-31,2025-12-31,0.8977797487351904,0.1022202512648096,0.8748925353244862,0.9294136044648519,0.8890331064162331
developed,Developed,FRA,40,Financials,2022-2025,48,2022-01-31,2025-12-31,0.9080796471517254,0.0919203528482746,0.8917139840119819,0.9185406794657638,0.9139842779774306
developed,Developed,FRA,15,Materials,2022-2025,48,2022-01-31,2025-12-31,0.9492996240046193,0.050700375995380687,1.0183618766409475,1.042897131020077,1.0908421203251177
developed,Developed,FRA,35,Health Care,2022-2025,48,2022-01-31,2025-12-31,0.8577754194165725,0.14222458058342746,1.1344697514880082,1.038815025195231,0.7466110349329569
developed,Developed,FRA,30,Consumer Staples,2022-2025,48,2022-01-31,2025-12-31,0.9419119927793735,0.05808800722062646,1.016065309226948,0.9307848291861679,1.0889835416210993
developed,Developed,FRA,25,Consumer Discretionary,2022-2025,48,2022-01-31,2025-12-31,0.931346518744115,0.068653481255885,1.0860437834141128,1.0664202127983402,1.053496447555202
developed,Developed,FRA,50,Communication Services,2022-2025,48,2022-01-31,2025-12-31,0.7711978497964731,0.2288021502035269,1.0880858686028956,1.2375183139918227,1.3608022680158625
developed,Developed,FRA,60,Real Estate,2022-2025,48,2022-01-31,2025-12-31,0.8990005030879529,0.10099949691204713,0.946842638782229,0.8809000951103878,0.869258775371242
developed,Developed,GBR,10,Energy,2008-2010,36,2008-01-31,2010-12-31,0.6202927519676611,0.3797072480323389,1.1240758470578331,1.3481719883252354,1.6668739087139481
developed,Developed,GBR,35,Health Care,2008-2010,36,2008-01-31,2010-12-31,0.5033852829690364,0.4966147170309636,1.2849687653826452,1.4027543082292782,1.8021210774809673
developed,Developed,GBR,30,Consumer Staples,2008-2010,36,2008-01-31,2010-12-31,0.2762708998722103,0.7237291001277897,1.2879185224904643,1.4841566785762887,2.399112099316616
developed,Developed,GBR,25,Consumer Discretionary,2008-2010,36,2008-01-31,2010-12-31,0.05956777704716798,0.940432222952832,1.3822737538178107,1.6199417173818178,2.819081197658867
developed,Developed,GBR,15,Materials,2008-2010,36,2008-01-31,2010-12-31,-0.3928169575311209,1.392816957531121,1.6079542281451167,2.1729341729264293,3.397562471521817
developed,Developed,GBR,45,Information Technology,2008-2010,36,2008-01-31,2010-12-31,-0.07575851698417213,1.0757585169841721,1.4892108959259007,1.8605464885045437,2.877518166522072
developed,Developed,GBR,55,Utilities,2008-2010,36,2008-01-31,2010-12-31,0.41154894567836686,0.5884510543216331,1.269097019031135,1.401157993236774,2.0950981506969906
developed,Developed,GBR,50,Communication Services,2008-2010,36,2008-01-31,2010-12-31,0.17442097815581847,0.8255790218441815,1.3942264558595814,1.5809531574424454,2.501557452230518
developed,Developed,GBR,20,Industrials,2008-2010,36,2008-01-31,2010-12-31,0.07564841602706363,0.9243515839729364,1.4042877948428394,1.6726922587098267,2.696074698366143
developed,Developed,GBR,40,Financials,2008-2010,36,2008-01-31,2010-12-31,-0.030025688677489892,1.03002568867749,1.4887090219624393,1.7828304648930582,2.8185375791769722
developed,Developed,GBR,10,Energy,2020-2021,24,2020-01-31,2021-12-31,0.47387708687006447,0.5261229131299355,1.379326887014298,1.5149530776072146,1.684088774768294
developed,Developed,GBR,35,Health Care,2020-2021,24,2020-01-31,2021-12-31,0.7378275710249269,0.2621724289750731,0.9559910878691529,0.7162994073197045,0.5411922178859231
developed,Developed,GBR,30,Consumer Staples,2020-2021,24,2020-01-31,2021-12-31,0.7747483662146819,0.2252516337853181,1.0447922524556525,0.8199243568158988,0.5491129942837996
developed,Developed,GBR,25,Consumer Discretionary,2020-2021,24,2020-01-31,2021-12-31,0.9487460869482901,0.0512539130517099,1.0728763741228655,1.0148379141574975,0.9339525491252334
developed,Developed,GBR,15,Materials,2020-2021,24,2020-01-31,2021-12-31,0.7096336702415662,0.2903663297584338,1.3275452576226834,1.3986945768019838,1.1448591548506344
developed,Developed,GBR,45,Information Technology,2020-2021,24,2020-01-31,2021-12-31,0.753589413777313,0.24641058622268697,1.2920984397145392,1.2017838009404773,0.7546504819869557
developed,Developed,GBR,55,Utilities,2020-2021,24,2020-01-31,2021-12-31,0.8239131689651594,0.17608683103484057,1.0281289303515748,1.0633976351282128,0.5632660723752659
developed,Developed,GBR,50,Communication Services,2020-2021,24,2020-01-31,2021-12-31,0.5619959174000857,0.4380040825999143,1.4680152637213988,1.5343818762297687,1.3116151078485754
developed,Developed,GBR,20,Industrials,2020-2021,24,2020-01-31,2021-12-31,0.8498583040900176,0.1501416959099824,1.1954870386964678,1.170503901017003,0.9155658519835236
developed,Developed,GBR,40,Financials,2020-2021,24,2020-01-31,2021-12-31,0.6144864068354723,0.3855135931645277,1.2427384781495685,1.4263256986543338,1.4874766026896806
developed,Developed,GBR,60,Real Estate,2020-2021,24,2020-01-31,2021-12-31,0.8096402130308578,0.19035978696914224,1.2208514778021937,1.2590118765402132,1.0912160065650198
developed,Developed,GBR,10,Energy,2022-2025,48,2022-01-31,2025-12-31,0.5740774370332227,0.42592256296677733,0.6877222533188925,0.6141583514975802,0.42035170628319507
developed,Developed,GBR,35,Health Care,2022-2025,48,2022-01-31,2025-12-31,0.8711774086436873,0.1288225913563127,1.2387675285673172,1.1397530043990491,0.9920527588974284
developed,Developed,GBR,30,Consumer Staples,2022-2025,48,2022-01-31,2025-12-31,0.9159254402664404,0.0840745597335596,0.9915776551014395,0.8557039779348512,0.9004946877630305
developed,Developed,GBR,25,Consumer Discretionary,2022-2025,48,2022-01-31,2025-12-31,0.9635728752133834,0.03642712478661658,1.008293567644522,1.031775457862878,1.0692123488524499
developed,Developed,GBR,15,Materials,2022-2025,48,2022-01-31,2025-12-31,0.9447631374922749,0.05523686250772508,0.9458619115928277,0.9908362933049905,0.8975912075790066
developed,Developed,GBR,45,Information Technology,2022-2025,48,2022-01-31,2025-12-31,0.8971100026967352,0.10288999730326476,0.948820425398973,0.9194905941309058,0.823018988560327
developed,Developed,GBR,55,Utilities,2022-2025,48,2022-01-31,2025-12-31,0.9055959848361156,0.09440401516388441,1.115742383632207,1.0582543191094378,0.8907846572499913
developed,Developed,GBR,50,Communication Services,2022-2025,48,2022-01-31,2025-12-31,0.8939076159740518,0.10609238402594823,0.9511907204630868,1.022256684446528,1.2472111880944035
developed,Developed,GBR,20,Industrials,2022-2025,48,2022-01-31,2025-12-31,0.9069140101272317,0.09308598987276828,1.0120579777939118,1.0080165569191686,1.2591834349052244
developed,Developed,GBR,40,Financials,2022-2025,48,2022-01-31,2025-12-31,0.9599216311857467,0.04007836881425331,0.9758131749566401,1.0068021292801377,1.0892461521192622
developed,Developed,GBR,60,Real Estate,2022-2025,48,2022-01-31,2025-12-31,0.9273904749611787,0.07260952503882134,1.0732874240595838,1.0374678024658908,1.1070733485909896
emerging,Developing (MSCI Emerging proxy),GRC,20,Industrials,2008-2010,36,2008-01-31,2010-12-31,0.4509698897605309,0.5490301102394691,1.2523109712151244,1.3759744343165627,2.0188049251867204
emerging,Developing (MSCI Emerging proxy),GRC,15,Materials,2008-2010,36,2008-01-31,2010-12-31,0.43984482460846064,0.5601551753915394,1.287205442160945,1.4342669976379205,1.9589930863757528
emerging,Developing (MSCI Emerging proxy),GRC,40,Financials,2008-2010,36,2008-01-31,2010-12-31,0.41202014074427795,0.587979859255722,1.3089495670154565,1.4381895308678567,2.016800479883853
emerging,Developing (MSCI Emerging proxy),GRC,30,Consumer Staples,2008-2010,36,2008-01-31,2010-12-31,0.31219141981306253,0.6878085801869375,1.2603666741550916,1.4615046479136715,2.3415544184920494
emerging,Developing (MSCI Emerging proxy),GRC,25,Consumer Discretionary,2008-2010,36,2008-01-31,2010-12-31,0.8734857318352088,0.12651426816479117,1.1706809764075734,1.055420207008858,1.153441621077942
emerging,Developing (MSCI Emerging proxy),GRC,45,Information Technology,2008-2010,36,2008-01-31,2010-12-31,0.45012266848673466,0.5498773315132653,1.25474299025206,1.40810673749893,1.986782266788806
emerging,Developing (MSCI Emerging proxy),GRC,20,Industrials,2020-2021,24,2020-01-31,2021-12-31,0.9404369272471451,0.059563072752854884,1.1313045585415744,0.9848406550434502,1.0322253147604405
emerging,Developing (MSCI Emerging proxy),GRC,15,Materials,2020-2021,24,2020-01-31,2021-12-31,0.717049291947305,0.28295070805269495,1.3278386424506956,1.22742785871582,1.2935856229915692
emerging,Developing (MSCI Emerging proxy),GRC,30,Consumer Staples,2020-2021,24,2020-01-31,2021-12-31,0.8122813393851621,0.18771866061483788,1.245185393205323,1.1679554418901736,0.8499848532509828
emerging,Developing (MSCI Emerging proxy),GRC,25,Consumer Discretionary,2020-2021,24,2020-01-31,2021-12-31,0.7966184248278535,0.2033815751721465,1.0493797857508205,0.8654044187086809,0.5738306415257
emerging,Developing (MSCI Emerging proxy),GRC,45,Information Technology,2020-2021,24,2020-01-31,2021-12-31,0.8243131556310862,0.1756868443689138,1.0957255902343628,0.8636251501850564,0.7050399069425651
emerging,Developing (MSCI Emerging proxy),GRC,20,Industrials,2022-2025,48,2022-01-31,2025-12-31,0.5387869884622669,0.4612130115377331,1.3477354248464763,1.4810472173142861,1.5548563924524368
emerging,Developing (MSCI Emerging proxy),GRC,15,Materials,2022-2025,48,2022-01-31,2025-12-31,0.9407931343696683,0.05920686563033173,1.049923929023309,1.116775926504347,0.989079258636661
emerging,Developing (MSCI Emerging proxy),GRC,25,Consumer Discretionary,2022-2025,48,2022-01-31,2025-12-31,0.6606293389229443,0.3393706610770557,1.223745432610321,1.3283846962328012,1.4659818543880452
emerging,Developing (MSCI Emerging proxy),GRC,45,Information Technology,2022-2025,48,2022-01-31,2025-12-31,0.6529002560643811,0.34709974393561893,1.272187928613086,1.316976663677386,1.4521346395163848
developed,Developed,HKG,30,Consumer Staples,2008-2010,36,2008-01-31,2010-12-31,0.4777446178011028,0.5222553821988972,1.1783968365947683,1.3456610331845051,2.042708276817418
developed,Developed,HKG,25,Consumer Discretionary,2008-2010,36,2008-01-31,2010-12-31,-0.05600581693861373,1.0560058169386137,1.4134787582514776,1.797042070811497,2.9574966217528664
developed,Developed,HKG,20,Industrials,2008-2010,36,2008-01-31,2010-12-31,0.33641564784009736,0.6635843521599026,1.2604719052051465,1.521042922771473,2.2092382285030885
developed,Developed,HKG,40,Financials,2008-2010,36,2008-01-31,2010-12-31,0.4687276241123247,0.5312723758876753,1.2267320211617063,1.3863033257414066,1.9807817807599128
developed,Developed,HKG,15,Materials,2008-2010,36,2008-01-31,2010-12-31,0.49412049658730883,0.5058795034126912,1.1616021238948653,1.4042890323679196,1.9517473539752888
developed,Developed,HKG,45,Information Technology,2008-2010,36,2008-01-31,2010-12-31,0.1764025373059136,0.8235974626940864,1.2731583621785747,1.6270882576670262,2.570545768236658
developed,Developed,HKG,50,Communication Services,2008-2010,36,2008-01-31,2010-12-31,0.676223920873511,0.323776079126489,1.0250051435002698,1.2261768041580405,1.7201462897211568
developed,Developed,HKG,35,Health Care,2008-2010,36,2008-01-31,2010-12-31,0.4265249448955556,0.5734750551044444,1.2038366895098336,1.4358288727604214,2.080759603043078
developed,Developed,HKG,55,Utilities,2008-2010,36,2008-01-31,2010-12-31,0.8276134502574359,0.17238654974256407,0.816113484486889,0.8081912067266876,1.1414643404412688
developed,Developed,HKG,10,Energy,2008-2010,36,2008-01-31,2010-12-31,0.657979107157322,0.342020892842678,1.068218394753696,1.2710581382100474,1.6867861455642903
developed,Developed,HKG,30,Consumer Staples,2020-2021,24,2020-01-31,2021-12-31,0.6988844441547364,0.3011155558452636,1.2508853319960243,1.2247212711493625,1.4277400643904041
developed,Developed,HKG,25,Consumer Discretionary,2020-2021,24,2020-01-31,2021-12-31,0.31585384312443987,0.6841461568755601,1.1285895991665207,1.4709183315650856,2.4529305398950743
developed,Developed,HKG,20,Industrials,2020-2021,24,2020-01-31,2021-12-31,0.8032296924650849,0.1967703075349151,0.8179630763694175,1.1083677118249806,1.2999062871491822
developed,Developed,HKG,40,Financials,2020-2021,24,2020-01-31,2021-12-31,0.8094810770493606,0.19051892295063944,0.8908283054551278,1.038819433048427,1.423565641258619
developed,Developed,HKG,15,Materials,2020-2021,24,2020-01-31,2021-12-31,0.7835780796949396,0.21642192030506036,0.7854972722944007,0.7702540957106007,0.7949828710798177
developed,Developed,HKG,45,Information Technology,2020-2021,24,2020-01-31,2021-12-31,0.22668523296117427,0.7733147670388257,1.4566345020196656,1.7661494541797353,2.097160344917076
developed,Developed,HKG,50,Communication Services,2020-2021,24,2020-01-31,2021-12-31,0.6697465697334806,0.33025343026651943,1.0264497471607923,1.1536187497349317,1.8106917939038345
developed,Developed,HKG,35,Health Care,2020-2021,24,2020-01-31,2021-12-31,0.11502910656367016,0.8849708934363298,1.3748957183112964,1.770247992793115,2.509768969204578
developed,Developed,HKG,55,Utilities,2020-2021,24,2020-01-31,2021-12-31,0.8720638942211651,0.12793610577883485,0.7859875497342155,0.8853971307193519,1.0551929977900718
developed,Developed,HKG,10,Energy,2020-2021,24,2020-01-31,2021-12-31,0.8304700343521417,0.16952996564785827,0.9409136570908391,0.8014833205736868,0.7490131253918995
developed,Developed,HKG,60,Real Estate,2020-2021,24,2020-01-31,2021-12-31,0.8128123429189127,0.1871876570810873,0.7154737399289173,0.9600193522521706,1.2370560634243497
developed,Developed,HKG,30,Consumer Staples,2022-2025,48,2022-01-31,2025-12-31,0.8349769604050523,0.16502303959494768,0.953317261858154,0.850259570327116,0.701354049029887
developed,Developed,HKG,25,Consumer Discretionary,2022-2025,48,2022-01-31,2025-12-31,0.7901364823104405,0.20986351768955946,0.9542193168072851,0.8748807829919185,0.5413093471321179
developed,Developed,HKG,20,Industrials,2022-2025,48,2022-01-31,2025-12-31,0.851512346234006,0.14848765376599404,0.9646654542120426,0.8414301061905786,0.7484414782993966
developed,Developed,HKG,40,Financials,2022-2025,48,2022-01-31,2025-12-31,0.9616126393195334,0.038387360680466553,1.008173665070094,0.9716917518385307,1.0786801688098364
developed,Developed,HKG,15,Materials,2022-2025,48,2022-01-31,2025-12-31,0.585910800664331,0.414089199335669,1.2183851588303745,1.3655874556473155,1.6582949835293173
developed,Developed,HKG,45,Information Technology,2022-2025,48,2022-01-31,2025-12-31,0.7972639415910041,0.2027360584089959,1.1433695928256988,1.2016314558088463,1.2632071265924425
developed,Developed,HKG,50,Communication Services,2022-2025,48,2022-01-31,2025-12-31,0.9405537691216831,0.05944623087831691,1.0030136776136223,0.951973928893567,0.8727010560851044
developed,Developed,HKG,35,Health Care,2022-2025,48,2022-01-31,2025-12-31,0.8480827105593024,0.1519172894406976,1.1080516991297926,1.1872432752260857,1.1604568939662145
developed,Developed,HKG,55,Utilities,2022-2025,48,2022-01-31,2025-12-31,0.949599912674904,0.050400087325096044,1.0649573181708551,1.052829905022541,0.9665869612181079
developed,Developed,HKG,10,Energy,2022-2025,48,2022-01-31,2025-12-31,0.9072572267268488,0.09274277327315117,0.8694748831303788,0.9177682067224228,1.065471409672255
developed,Developed,HKG,60,Real Estate,2022-2025,48,2022-01-31,2025-12-31,0.7891941331709535,0.21080586682904645,0.8746042895928718,0.7974500779652552,0.6955280319547334
frontier,Frontier,HRV,25,Consumer Discretionary,2008-2010,36,2008-01-31,2010-12-31,0.10373967683540375,0.8962603231645963,1.4458444645901831,1.6423940382952873,2.6005424666083186
frontier,Frontier,HRV,30,Consumer Staples,2008-2010,36,2008-01-31,2010-12-31,0.4315808663646291,0.5684191336353709,1.308159140994504,1.3576926378749645,2.0394056220366443
frontier,Frontier,HRV,40,Financials,2008-2010,36,2008-01-31,2010-12-31,0.181891091328637,0.818108908671363,1.3542608192191599,1.5508331923277217,2.5492327144672076
frontier,Frontier,HRV,20,Industrials,2008-2010,36,2008-01-31,2010-12-31,0.4944327432540466,0.5055672567459534,1.2311692275632828,1.339068012308818,1.9464645303657593
frontier,Frontier,HRV,25,Consumer Discretionary,2020-2021,24,2020-01-31,2021-12-31,0.7412550049796784,0.25874499502032156,1.3417103189656283,1.377503502029311,0.9429788359339747
frontier,Frontier,HRV,30,Consumer Staples,2020-2021,24,2020-01-31,2021-12-31,0.7569291488298241,0.2430708511701759,1.271982138539296,1.1916157671738932,0.7343853522026614
frontier,Frontier,HRV,20,Industrials,2020-2021,24,2020-01-31,2021-12-31,0.6780115846676218,0.3219884153323782,1.3708490414718772,1.5045813318666394,0.9094651273413821
frontier,Frontier,HRV,25,Consumer Discretionary,2022-2025,48,2022-01-31,2025-12-31,0.5248040951559791,0.47519590484402086,1.2030995416876245,1.4343405593927647,1.7881476134516736
frontier,Frontier,HRV,20,Industrials,2022-2025,48,2022-01-31,2025-12-31,0.8789085420785213,0.12109145792147868,1.141914488578804,1.1439992296218655,1.0773606555637667
emerging,Developing (MSCI Emerging proxy),IDN,15,Materials,2008-2010,36,2008-01-31,2010-12-31,0.09874546686644126,0.9012545331335587,1.464865635294735,1.7126639868615938,2.5262339772443476
emerging,Developing (MSCI Emerging proxy),IDN,30,Consumer Staples,2008-2010,36,2008-01-31,2010-12-31,-0.04585412792175858,1.0458541279217586,1.4626265204923679,1.7895221933906444,2.8854136698822637
emerging,Developing (MSCI Emerging proxy),IDN,40,Financials,2008-2010,36,2008-01-31,2010-12-31,0.5035485228356131,0.49645147716438687,1.301846775636135,1.3343782532746142,1.8531294025824114
emerging,Developing (MSCI Emerging proxy),IDN,20,Industrials,2008-2010,36,2008-01-31,2010-12-31,-0.16794705824799938,1.1679470582479994,1.5722782487191629,1.9464116137873368,2.9851513122374986
emerging,Developing (MSCI Emerging proxy),IDN,25,Consumer Discretionary,2008-2010,36,2008-01-31,2010-12-31,0.2326602583004359,0.7673397416995641,1.3767679720827577,1.612197915615042,2.3130533374008926
emerging,Developing (MSCI Emerging proxy),IDN,15,Materials,2020-2021,24,2020-01-31,2021-12-31,0.894451909005481,0.105548090994519,1.044863000589715,1.093423847659582,0.8216425752657399
emerging,Developing (MSCI Emerging proxy),IDN,30,Consumer Staples,2020-2021,24,2020-01-31,2021-12-31,0.7407525187127111,0.2592474812872889,1.2102616045715744,1.0189011971326596,0.4514203578423675
emerging,Developing (MSCI Emerging proxy),IDN,40,Financials,2020-2021,24,2020-01-31,2021-12-31,0.6881996339002738,0.31180036609972617,1.2250172535703685,1.3380677606242501,0.6276839158954404
emerging,Developing (MSCI Emerging proxy),IDN,20,Industrials,2020-2021,24,2020-01-31,2021-12-31,0.7381440887390709,0.2618559112609291,1.238709619375689,1.3791220854097983,0.8322639710026999
emerging,Developing (MSCI Emerging proxy),IDN,25,Consumer Discretionary,2020-2021,24,2020-01-31,2021-12-31,0.6512114178322708,0.34878858216772923,1.3162138954750053,1.3299214374693125,0.5997695864411299
emerging,Developing (MSCI Emerging proxy),IDN,35,Health Care,2020-2021,24,2020-01-31,2021-12-31,0.7000380048219056,0.2999619951780944,1.3897598213998985,1.3668944836351433,0.8567683195007586
emerging,Developing (MSCI Emerging proxy),IDN,45,Information Technology,2020-2021,24,2020-01-31,2021-12-31,0.542503992003295,0.457496007996705,1.3846828182561939,1.6811195522606472,1.3066856534732738
emerging,Developing (MSCI Emerging proxy),IDN,10,Energy,2020-2021,24,2020-01-31,2021-12-31,0.8487404091894423,0.15125959081055773,1.133899069178761,1.1812911592139632,0.861411455961051
emerging,Developing (MSCI Emerging proxy),IDN,60,Real Estate,2020-2021,24,2020-01-31,2021-12-31,0.7622638130766015,0.23773618692339848,1.2308472514938034,1.2798529358192665,1.2025083734571256
emerging,Developing (MSCI Emerging proxy),IDN,50,Communication Services,2020-2021,24,2020-01-31,2021-12-31,0.856658980930625,0.14334101906937502,1.0169591996652807,0.9832887092760524,0.6036474331811031
emerging,Developing (MSCI Emerging proxy),IDN,15,Materials,2022-2025,48,2022-01-31,2025-12-31,0.5640098863053855,0.4359901136946145,1.2698665238533566,1.4268964112022071,1.61120740602828
emerging,Developing (MSCI Emerging proxy),IDN,30,Consumer Staples,2022-2025,48,2022-01-31,2025-12-31,0.7823052371910083,0.2176947628089917,1.2205184010875072,1.2239979471643228,1.208567940175145
emerging,Developing (MSCI Emerging proxy),IDN,40,Financials,2022-2025,48,2022-01-31,2025-12-31,0.7921418236814919,0.20785817631850811,1.10030853981357,1.0519726609719673,0.5287066718300127
emerging,Developing (MSCI Emerging proxy),IDN,20,Industrials,2022-2025,48,2022-01-31,2025-12-31,0.7305096199437218,0.26949038005627823,1.094819063491601,1.3001112291091292,1.4135408475681042
emerging,Developing (MSCI Emerging proxy),IDN,25,Consumer Discretionary,2022-2025,48,2022-01-31,2025-12-31,0.7508657955472761,0.24913420445272394,1.1554808406133328,1.279708171014257,1.3122136017305819
emerging,Developing (MSCI Emerging proxy),IDN,35,Health Care,2022-2025,48,2022-01-31,2025-12-31,0.08521648592116016,0.9147835140788398,1.5874999534997642,1.9200075111569068,2.2368430775798487
emerging,Developing (MSCI Emerging proxy),IDN,45,Information Technology,2022-2025,48,2022-01-31,2025-12-31,0.689062811206369,0.31093718879363097,1.244832005009759,1.283418858277802,1.4045607030933318
emerging,Developing (MSCI Emerging proxy),IDN,10,Energy,2022-2025,48,2022-01-31,2025-12-31,0.7783702586369114,0.22162974136308855,0.9099401785798896,0.7376697683085658,0.6875008290222788
emerging,Developing (MSCI Emerging proxy),IDN,60,Real Estate,2022-2025,48,2022-01-31,2025-12-31,0.8274611824584254,0.17253881754157463,1.119402915595868,0.8990903988618321,0.7026960641093121
emerging,Developing (MSCI Emerging proxy),IDN,50,Communication Services,2022-2025,48,2022-01-31,2025-12-31,0.829871297500134,0.170128702499866,1.2355518041639657,1.235325455596414,1.0395088477392185
emerging,Developing (MSCI Emerging proxy),IND,25,Consumer Discretionary,2008-2010,36,2008-01-31,2010-12-31,0.21657179069605947,0.7834282093039405,1.2649020774529418,1.528911979859867,2.556470570599013
emerging,Developing (MSCI Emerging proxy),IND,45,Information Technology,2008-2010,36,2008-01-31,2010-12-31,-0.029505794722233247,1.0295057947222332,1.3390776524095884,1.745545463968818,3.003894267788293
emerging,Developing (MSCI Emerging proxy),IND,20,Industrials,2008-2010,36,2008-01-31,2010-12-31,0.46772573086034064,0.5322742691396594,1.2638616259848026,1.3370182993104067,1.9959428821237688
emerging,Developing (MSCI Emerging proxy),IND,30,Consumer Staples,2008-2010,36,2008-01-31,2010-12-31,0.590619702745816,0.409380297254184,1.1739059341677505,1.189573381297964,1.8646615762968373
emerging,Developing (MSCI Emerging proxy),IND,15,Materials,2008-2010,36,2008-01-31,2010-12-31,0.4039689446974889,0.5960310553025111,1.2313197505294844,1.4190297770335152,2.1377436383445336
emerging,Developing (MSCI Emerging proxy),IND,10,Energy,2008-2010,36,2008-01-31,2010-12-31,0.7220192404048928,0.27798075959510715,1.0900722574450226,1.1565201821520876,1.587349839188211
emerging,Developing (MSCI Emerging proxy),IND,35,Health Care,2008-2010,36,2008-01-31,2010-12-31,0.42231265580814015,0.5776873441918599,1.2256364858334223,1.3692977383677087,2.1381278083744486
emerging,Developing (MSCI Emerging proxy),IND,40,Financials,2008-2010,36,2008-01-31,2010-12-31,0.5105927462535642,0.4894072537464358,1.2371658072412886,1.29942030935156,1.9316356446464586
emerging,Developing (MSCI Emerging proxy),IND,55,Utilities,2008-2010,36,2008-01-31,2010-12-31,0.8728558861802723,0.12714411381972768,0.9701393483098839,0.8925016199984238,1.2440733097674908
emerging,Developing (MSCI Emerging proxy),IND,50,Communication Services,2008-2010,36,2008-01-31,2010-12-31,0.8617285501770603,0.1382714498229397,1.0103479819953172,1.0387494053899873,1.3657169620835148
emerging,Developing (MSCI Emerging proxy),IND,25,Consumer Discretionary,2020-2021,24,2020-01-31,2021-12-31,0.830342572168903,0.16965742783109705,1.041009322502568,1.1129160561762923,0.6449530951855692
emerging,Developing (MSCI Emerging proxy),IND,45,Information Technology,2020-2021,24,2020-01-31,2021-12-31,0.8976330168369936,0.10236698316300641,1.036126228197415,1.092174369103745,0.8211996478121408
emerging,Developing (MSCI Emerging proxy),IND,20,Industrials,2020-2021,24,2020-01-31,2021-12-31,0.784055334512865,0.21594466548713498,1.182631896869986,1.35018957868268,1.1150125209087387
emerging,Developing (MSCI Emerging proxy),IND,30,Consumer Staples,2020-2021,24,2020-01-31,2021-12-31,0.7658749609248495,0.23412503907515048,0.9646092295759995,0.8409337442702981,0.4920819089282511
emerging,Developing (MSCI Emerging proxy),IND,15,Materials,2020-2021,24,2020-01-31,2021-12-31,0.886173577559203,0.11382642244079699,1.102994659136661,1.2094321854494199,0.9709475772636899
emerging,Developing (MSCI Emerging proxy),IND,10,Energy,2020-2021,24,2020-01-31,2021-12-31,0.8339443838495791,0.16605561615042086,0.9763654085290533,0.9781885048515812,0.547279238168103
emerging,Developing (MSCI Emerging proxy),IND,35,Health Care,2020-2021,24,2020-01-31,2021-12-31,0.7216673533132709,0.2783326466867291,0.8614987795836004,0.7380138586235224,0.56548942173269
emerging,Developing (MSCI Emerging proxy),IND,40,Financials,2020-2021,24,2020-01-31,2021-12-31,0.9002673272171483,0.0997326727828517,1.0040814584604998,1.1698370737339086,0.8747205138458533
emerging,Developing (MSCI Emerging proxy),IND,55,Utilities,2020-2021,24,2020-01-31,2021-12-31,0.9443892486659812,0.055610751334018826,1.0366072794571781,1.0161799083132645,0.8859549337683862
emerging,Developing (MSCI Emerging proxy),IND,50,Communication Services,2020-2021,24,2020-01-31,2021-12-31,0.7886504691782216,0.21134953082177843,1.036090007413008,1.0300961195501117,0.43213753449778436
emerging,Developing (MSCI Emerging proxy),IND,60,Real Estate,2020-2021,24,2020-01-31,2021-12-31,0.7968704149612322,0.20312958503876777,1.1741153117006546,1.3892603135989616,1.046013129816687
emerging,Developing (MSCI Emerging proxy),IND,25,Consumer Discretionary,2022-2025,48,2022-01-31,2025-12-31,0.6515333592689929,0.3484666407310071,1.2486651676061133,1.2974428418136936,1.499291912773214
emerging,Developing (MSCI Emerging proxy),IND,45,Information Technology,2022-2025,48,2022-01-31,2025-12-31,0.8923129781615464,0.10768702183845358,1.119235400098804,1.1168368705500706,1.086988794866486
emerging,Developing (MSCI Emerging proxy),IND,20,Industrials,2022-2025,48,2022-01-31,2025-12-31,0.6540294329608376,0.3459705670391624,1.2670652497112926,1.3298449447330012,1.4410015066731934
emerging,Developing (MSCI Emerging proxy),IND,30,Consumer Staples,2022-2025,48,2022-01-31,2025-12-31,0.9263159674111942,0.07368403258880585,1.1321371932642463,1.0571749696222321,0.9682600651200609
emerging,Developing (MSCI Emerging proxy),IND,15,Materials,2022-2025,48,2022-01-31,2025-12-31,0.9147090892032843,0.08529091079671569,1.0594471952367244,0.9242771931752694,0.8792972696713081
emerging,Developing (MSCI Emerging proxy),IND,10,Energy,2022-2025,48,2022-01-31,2025-12-31,0.7707739885006183,0.2292260114993817,1.1716988877031393,1.2866290908727713,1.2293500559222346
emerging,Developing (MSCI Emerging proxy),IND,35,Health Care,2022-2025,48,2022-01-31,2025-12-31,0.7157377752735918,0.28426222472640816,1.230283344765899,1.2344389338502304,1.3880643955630951
emerging,Developing (MSCI Emerging proxy),IND,40,Financials,2022-2025,48,2022-01-31,2025-12-31,0.9409508819679602,0.05904911803203983,1.0733441542398976,1.0169945166734233,0.9131913168172013
emerging,Developing (MSCI Emerging proxy),IND,55,Utilities,2022-2025,48,2022-01-31,2025-12-31,0.708176093348938,0.29182390665106195,1.1887350843944846,1.1966708461658135,1.4900657893928875
emerging,Developing (MSCI Emerging proxy),IND,50,Communication Services,2022-2025,48,2022-01-31,2025-12-31,0.7730981655675048,0.22690183443249523,1.2230489207472433,1.1732954062711805,1.284361176279062
emerging,Developing (MSCI Emerging proxy),IND,60,Real Estate,2022-2025,48,2022-01-31,2025-12-31,0.7564478694870308,0.2435521305129692,1.1166108120593736,1.098401042455406,1.5156445370241278
developed,Developed,ISR,40,Financials,2008-2010,36,2008-01-31,2010-12-31,-0.1811954680920531,1.1811954680920531,1.5131007320969718,1.9311096916728168,3.0993759805063705
developed,Developed,ISR,20,Industrials,2008-2010,36,2008-01-31,2010-12-31,0.0771770696354177,0.9228229303645823,1.3987590469867566,1.73321501871424,2.63649472539275
developed,Developed,ISR,45,Information Technology,2008-2010,36,2008-01-31,2010-12-31,0.4888650632140742,0.5111349367859258,1.2088334345639973,1.3880910650103042,1.9364803107834758
developed,Developed,ISR,30,Consumer Staples,2008-2010,36,2008-01-31,2010-12-31,0.26199999862327294,0.738000001376727,1.2614904987941633,1.5491935013134854,2.4033160040225323
developed,Developed,ISR,25,Consumer Discretionary,2008-2010,36,2008-01-31,2010-12-31,0.05302031700502541,0.9469796829949746,1.4309685137079462,1.7766275629945907,2.633342972282387
developed,Developed,ISR,15,Materials,2008-2010,36,2008-01-31,2010-12-31,0.37716671836882787,0.6228332816311721,1.3127291121112195,1.5805640098136666,1.9752067229686303
developed,Developed,ISR,35,Health Care,2008-2010,36,2008-01-31,2010-12-31,0.9120553933143675,0.08794460668563253,0.9392512308425562,0.8960807877273422,0.9008341613732038
developed,Developed,ISR,40,Financials,2020-2021,24,2020-01-31,2021-12-31,0.6798735583291127,0.32012644167088733,1.1862810373596382,1.3023206556452518,1.4717776320077718
developed,Developed,ISR,20,Industrials,2020-2021,24,2020-01-31,2021-12-31,0.7242744828553168,0.2757255171446832,0.9042956506848974,0.7173370735279678,0.5511907243530852
developed,Developed,ISR,45,Information Technology,2020-2021,24,2020-01-31,2021-12-31,0.6808204040769841,0.3191795959230159,1.0607097618724879,0.8075956885769573,0.2955752855264831
developed,Developed,ISR,30,Consumer Staples,2020-2021,24,2020-01-31,2021-12-31,0.7950900919452013,0.2049099080547987,0.9503697402443804,0.8341435492006286,0.600756986390595
developed,Developed,ISR,25,Consumer Discretionary,2020-2021,24,2020-01-31,2021-12-31,0.9287149004188103,0.07128509958118967,1.0629536827314814,1.0517376126594309,1.0991640033526566
developed,Developed,ISR,15,Materials,2020-2021,24,2020-01-31,2021-12-31,0.7200141920319245,0.2799858079680755,1.1717087883258963,1.1456406380076973,1.522607997570633
developed,Developed,ISR,35,Health Care,2020-2021,24,2020-01-31,2021-12-31,0.6112654797077748,0.3887345202922252,0.7204067914137249,0.667783054204322,0.44560659350527726
developed,Developed,ISR,10,Energy,2020-2021,24,2020-01-31,2021-12-31,0.982576175638917,0.01742382436108303,1.0108510458512165,0.9919831944799825,1.033403621712015
developed,Developed,ISR,60,Real Estate,2020-2021,24,2020-01-31,2021-12-31,0.7464319697130732,0.25356803028692676,1.128221616472589,1.1638481568166774,1.4686343175715142
developed,Developed,ISR,50,Communication Services,2020-2021,24,2020-01-31,2021-12-31,0.7858613907554521,0.21413860924454786,1.0911805657339053,1.2998301735747273,0.7485949115749891
developed,Developed,ISR,40,Financials,2022-2025,48,2022-01-31,2025-12-31,0.8402697905744787,0.1597302094255213,0.9337431198882593,0.9445125812687761,1.3574463294335994
developed,Developed,ISR,20,Industrials,2022-2025,48,2022-01-31,2025-12-31,0.5618705073747121,0.4381294926252879,1.1442273247459713,1.3114628286071988,1.8586983245226933
developed,Developed,ISR,45,Information Technology,2022-2025,48,2022-01-31,2025-12-31,0.8172793237257386,0.18272067627426136,1.1277342468301252,1.1431285912121962,1.2772991907804625
developed,Developed,ISR,30,Consumer Staples,2022-2025,48,2022-01-31,2025-12-31,0.5245550660174831,0.47544493398251686,1.2314219107404292,1.4032761765327504,1.7916367146743708
developed,Developed,ISR,25,Consumer Discretionary,2022-2025,48,2022-01-31,2025-12-31,0.907113376626744,0.09288662337325604,1.0704037668701416,1.0778208885119254,1.1304352147377013
developed,Developed,ISR,15,Materials,2022-2025,48,2022-01-31,2025-12-31,0.8965195201349115,0.10348047986508846,0.9052585300763225,0.8369963217892523,0.9473037085391597
developed,Developed,ISR,35,Health Care,2022-2025,48,2022-01-31,2025-12-31,0.8363400914358414,0.16365990856415857,0.9054672531206963,0.8098619658995991,0.7936910552872287
developed,Developed,ISR,10,Energy,2022-2025,48,2022-01-31,2025-12-31,0.7852700777990241,0.21472992220097586,0.8441966948841441,0.7423297412225008,0.7692837972904276
developed,Developed,ISR,60,Real Estate,2022-2025,48,2022-01-31,2025-12-31,0.975956260905755,0.024043739094244954,1.0161133230738373,0.9681785446393258,0.9758035611517767
developed,Developed,ISR,50,Communication Services,2022-2025,48,2022-01-31,2025-12-31,0.6242319875066249,0.3757680124933751,1.1669634232975001,1.2618019019553062,1.6985387122273192
developed,Developed,ITA,15,Materials,2008-2010,36,2008-01-31,2010-12-31,0.8414225689140947,0.15857743108590527,1.0582704854656928,0.9404987986583682,1.3579606064503913
developed,Developed,ITA,25,Consumer Discretionary,2008-2010,36,2008-01-31,2010-12-31,0.4970777118530977,0.5029222881469023,1.232693533685398,1.288199076259616,1.987874254495693
developed,Developed,ITA,20,Industrials,2008-2010,36,2008-01-31,2010-12-31,0.47983080784358834,0.5201691921564117,1.2786439576813107,1.3359820114650978,1.9458816073228264
developed,Developed,ITA,40,Financials,2008-2010,36,2008-01-31,2010-12-31,0.7450853379184221,0.25491466208157787,1.157315058502808,1.0420678065576658,1.56536112118426
developed,Developed,ITA,55,Utilities,2008-2010,36,2008-01-31,2010-12-31,0.5040738081338423,0.4959261918661577,1.2357865321075696,1.3161540514835923,1.9358379920073114
developed,Developed,ITA,45,Information Technology,2008-2010,36,2008-01-31,2010-12-31,0.5453239178069857,0.45467608219301425,1.1950893455617217,1.2668984604873064,1.9020404405300149
developed,Developed,ITA,30,Consumer Staples,2008-2010,36,2008-01-31,2010-12-31,0.4246769682305861,0.5753230317694139,1.2308523264116646,1.3868378846090257,2.1082788842875515
developed,Developed,ITA,35,Health Care,2008-2010,36,2008-01-31,2010-12-31,0.273283838596028,0.726716161403972,1.2968620906579582,1.5235565595315297,2.3597298340224278
developed,Developed,ITA,15,Materials,2020-2021,24,2020-01-31,2021-12-31,0.8235058350056431,0.17649416499435688,1.1682472395226704,1.2815470259390471,1.079688229521353
developed,Developed,ITA,25,Consumer Discretionary,2020-2021,24,2020-01-31,2021-12-31,0.8851038941749678,0.11489610582503218,1.165441508069333,1.1547190340369962,0.9754722246312326
developed,Developed,ITA,20,Industrials,2020-2021,24,2020-01-31,2021-12-31,0.7730936703665976,0.2269063296334024,0.9145666796005808,0.841622960445666,0.5630913710535461
developed,Developed,ITA,40,Financials,2020-2021,24,2020-01-31,2021-12-31,0.8519811023929946,0.14801889760700537,1.0437937881212151,1.0050276598483747,0.6047647551485738
developed,Developed,ITA,55,Utilities,2020-2021,24,2020-01-31,2021-12-31,0.7671892356506677,0.23281076434933234,0.9801278575860068,0.8814990854845589,0.43994076388143727
developed,Developed,ITA,45,Information Technology,2020-2021,24,2020-01-31,2021-12-31,0.5840136735276491,0.4159863264723509,0.7087579886479041,0.6549073306664828,0.38837570126856075
developed,Developed,ITA,30,Consumer Staples,2020-2021,24,2020-01-31,2021-12-31,0.7684937134598286,0.23150628654017136,1.2366799434656695,1.280121990211713,0.8222830740568682
developed,Developed,ITA,35,Health Care,2020-2021,24,2020-01-31,2021-12-31,0.8857913697129316,0.1142086302870684,0.9865049995608967,1.0057652648229412,0.6766343744008394
developed,Developed,ITA,60,Real Estate,2020-2021,24,2020-01-31,2021-12-31,0.9582520897513094,0.04174791024869062,0.9809573003706725,0.9860260038445113,0.9077729650387442
developed,Developed,ITA,50,Communication Services,2020-2021,24,2020-01-31,2021-12-31,0.8310963216527042,0.1689036783472958,0.9438868524530787,0.8181451318950994,0.7312569806099346
developed,Developed,ITA,15,Materials,2022-2025,48,2022-01-31,2025-12-31,0.9610494900118091,0.03895050998819094,0.9370173981609197,0.9587947326739704,1.0126636607994628
developed,Developed,ITA,25,Consumer Discretionary,2022-2025,48,2022-01-31,2025-12-31,0.9194982433450983,0.08050175665490167,0.9609864923801421,0.8758709197055121,1.0783626820503593
developed,Developed,ITA,20,Industrials,2022-2025,48,2022-01-31,2025-12-31,0.8046191883543505,0.19538081164564947,1.0741567974526178,1.1080951435124071,1.4038904939719234
developed,Developed,ITA,40,Financials,2022-2025,48,2022-01-31,2025-12-31,0.724799774146399,0.27520022585360104,1.091088747076737,1.272331178365251,1.462180752118815
developed,Developed,ITA,55,Utilities,2022-2025,48,2022-01-31,2025-12-31,0.7172305339431353,0.2827694660568647,1.1784227269237035,1.262754665198433,1.4071310060484576
developed,Developed,ITA,45,Information Technology,2022-2025,48,2022-01-31,2025-12-31,0.8376672959431493,0.16233270405685074,0.868639544018619,0.8314791625734234,0.8128831812374055
developed,Developed,ITA,30,Consumer Staples,2022-2025,48,2022-01-31,2025-12-31,0.6885473712555448,0.31145262874445523,1.1903194594224344,1.2094200653845,1.5346183614264313
developed,Developed,ITA,35,Health Care,2022-2025,48,2022-01-31,2025-12-31,0.8593870092938972,0.14061299070610278,0.9456236447908208,0.7959244309342092,0.8366129521566618
developed,Developed,ITA,50,Communication Services,2022-2025,48,2022-01-31,2025-12-31,0.685011540803895,0.31498845919610496,1.1236010016342228,1.2862648276106325,1.5350995483434597
frontier,Frontier,JOR,40,Financials,2008-2010,36,2008-01-31,2010-12-31,0.540112722214571,0.45988727778542904,1.3840390506885614,1.461593161012287,1.5340296216554388
frontier,Frontier,JOR,15,Materials,2008-2010,36,2008-01-31,2010-12-31,0.532947209186007,0.467052790813993,1.2316559693208489,1.5058138061767006,1.6636885969444293
frontier,Frontier,JOR,40,Financials,2022-2025,48,2022-01-31,2025-12-31,0.6611083947401266,0.3388916052598734,1.148479111107013,1.248969556617868,1.619226148054739
frontier,Frontier,JOR,15,Materials,2022-2025,48,2022-01-31,2025-12-31,0.33227226574332036,0.6677277342566796,1.4292497337610548,1.7454611816377565,1.8284722873712278
frontier,Frontier,JOR,25,Consumer Discretionary,2022-2025,48,2022-01-31,2025-12-31,0.8782605048931177,0.12173949510688231,0.9555104137656597,1.0933074682135973,1.2274214308727094
developed,Developed,JPN,30,Consumer Staples,2008-2010,36,2008-01-31,2010-12-31,0.7274474723781861,0.2725525276218139,1.230130756270778,1.23454822288666,1.3529786037080038
developed,Developed,JPN,35,Health Care,2008-2010,36,2008-01-31,2010-12-31,0.850483296981843,0.149516703018157,1.2792904003637346,1.1264737598809222,0.9572140511901859
developed,Developed,JPN,40,Financials,2008-2010,36,2008-01-31,2010-12-31,0.9079638617024206,0.0920361382975794,1.102322775769179,1.0321908453792528,1.1415947937443065
developed,Developed,JPN,15,Materials,2008-2010,36,2008-01-31,2010-12-31,0.39486645533840103,0.605133544661599,1.378482416928988,1.5101607122359821,1.9267575048198267
developed,Developed,JPN,10,Energy,2008-2010,36,2008-01-31,2010-12-31,0.9211614987341658,0.07883850126583425,1.090458103635384,1.0109437890766597,0.8648863889145408
developed,Developed,JPN,45,Information Technology,2008-2010,36,2008-01-31,2010-12-31,0.47183486342413306,0.528165136575867,1.2987039070696176,1.3865894482458114,1.8992020544121717
developed,Developed,JPN,55,Utilities,2008-2010,36,2008-01-31,2010-12-31,0.856628639922215,0.14337136007778495,0.9979574509128122,1.0844873955346528,0.6564158643884859
developed,Developed,JPN,20,Industrials,2008-2010,36,2008-01-31,2010-12-31,0.32582048078067005,0.67417951921933,1.4284336648583016,1.5773649433280956,2.0167399494715927
developed,Developed,JPN,25,Consumer Discretionary,2008-2010,36,2008-01-31,2010-12-31,0.11630296247911531,0.8836970375208847,1.4282088739220489,1.6483741906121254,2.5745080480284797
developed,Developed,JPN,50,Communication Services,2008-2010,36,2008-01-31,2010-12-31,0.7440405463119626,0.2559594536880374,1.214714955829499,1.0660352436626437,0.5128718384280306
developed,Developed,JPN,30,Consumer Staples,2020-2021,24,2020-01-31,2021-12-31,0.783593188305453,0.216406811694547,0.9825382490177883,0.753677028316187,0.6145642875823837
developed,Developed,JPN,35,Health Care,2020-2021,24,2020-01-31,2021-12-31,0.7850736172431573,0.21492638275684273,0.9784934110109984,0.7990643662403495,0.5776630744781239
developed,Developed,JPN,40,Financials,2020-2021,24,2020-01-31,2021-12-31,0.8730055267049935,0.12699447329500646,1.1394196966938124,1.0428477727871266,1.1987159504040803
developed,Developed,JPN,15,Materials,2020-2021,24,2020-01-31,2021-12-31,0.6830154500867456,0.3169845499132544,1.3402279672569,1.2385753446950716,1.3721503377877917
developed,Developed,JPN,10,Energy,2020-2021,24,2020-01-31,2021-12-31,0.8688218396258615,0.13117816037413854,1.191816311807736,1.0911102929307719,1.1106078763839076
developed,Developed,JPN,45,Information Technology,2020-2021,24,2020-01-31,2021-12-31,0.8119871697880101,0.1880128302119899,1.2414809755608387,1.0962725407668634,0.7737150256917323
developed,Developed,JPN,55,Utilities,2020-2021,24,2020-01-31,2021-12-31,0.604344543569975,0.395655456430025,0.7381085696368662,0.5473432858231181,0.527581775249941
developed,Developed,JPN,20,Industrials,2020-2021,24,2020-01-31,2021-12-31,0.8551375405139927,0.1448624594860073,1.1832350471378128,0.894683698850914,0.8539639698288769
developed,Developed,JPN,25,Consumer Discretionary,2020-2021,24,2020-01-31,2021-12-31,0.9063608265850572,0.09363917341494277,1.2400329011848348,1.0323722852904043,1.0085123337695892
developed,Developed,JPN,50,Communication Services,2020-2021,24,2020-01-31,2021-12-31,0.14601451335646498,0.853985486643535,1.2795264246194555,1.6535988159084059,2.6288312194027434
developed,Developed,JPN,60,Real Estate,2020-2021,24,2020-01-31,2021-12-31,0.8649404501633883,0.13505954983661173,1.220131174947174,1.0738809653749,1.1111665091877614
developed,Developed,JPN,30,Consumer Staples,2022-2025,48,2022-01-31,2025-12-31,0.867990134201639,0.13200986579836105,1.0289264919671188,1.0175085558507857,0.6504054504228215
developed,Developed,JPN,35,Health Care,2022-2025,48,2022-01-31,2025-12-31,0.8179309740513138,0.18206902594868624,0.9939810871219935,0.9361258784295515,0.5236859566023964
developed,Developed,JPN,40,Financials,2022-2025,48,2022-01-31,2025-12-31,0.8670437062947801,0.13295629370521989,1.0461721151234098,1.0835364434005605,0.7308396774083107
developed,Developed,JPN,15,Materials,2022-2025,48,2022-01-31,2025-12-31,0.9629013552969575,0.03709864470304247,0.968147191582289,1.0193194682098699,1.0601236574815465
developed,Developed,JPN,10,Energy,2022-2025,48,2022-01-31,2025-12-31,0.8744759203672344,0.12552407963276557,0.8364811203418602,0.8497053842176651,0.9372412565421779
developed,Developed,JPN,45,Information Technology,2022-2025,48,2022-01-31,2025-12-31,0.7889460279581966,0.21105397204180343,0.8045257763880257,0.7773009305210974,0.7850113769654665
developed,Developed,JPN,55,Utilities,2022-2025,48,2022-01-31,2025-12-31,0.9553277933976395,0.04467220660236049,1.0193060706010286,1.045412040962134,1.069298508243919
developed,Developed,JPN,20,Industrials,2022-2025,48,2022-01-31,2025-12-31,0.9771039236753124,0.022896076324687598,0.9629326750960364,0.9929889960597699,0.9753900998701308
developed,Developed,JPN,25,Consumer Discretionary,2022-2025,48,2022-01-31,2025-12-31,0.9113412607060744,0.08865873929392565,0.9575462921335975,0.9206356227551629,0.8558418672294628
developed,Developed,JPN,50,Communication Services,2022-2025,48,2022-01-31,2025-12-31,0.7717581552272796,0.22824184477272036,0.8120869616421115,0.7876289755417724,0.715558528497955
developed,Developed,JPN,60,Real Estate,2022-2025,48,2022-01-31,2025-12-31,0.7798058383596287,0.2201941616403713,0.886572988397187,0.8001583562154448,0.6526861704662543
frontier,Frontier,KEN,40,Financials,2008-2010,36,2008-01-31,2010-12-31,0.676147122478578,0.323852877521422,1.131510468618634,1.2467273546245534,1.5933208093210784
frontier,Frontier,KEN,40,Financials,2020-2021,24,2020-01-31,2021-12-31,0.6759490148009031,0.3240509851990969,1.1349194645649099,1.3299514931864975,1.5072819978458833
frontier,Frontier,KEN,40,Financials,2022-2025,48,2022-01-31,2025-12-31,0.510904573183879,0.48909542681612095,1.150547023235093,1.4160281359525817,1.9007111212606884
emerging,Developing (MSCI Emerging proxy),KOR,20,Industrials,2008-2010,36,2008-01-31,2010-12-31,0.8620451124663375,0.13795488753366247,0.997683845958718,0.9713693048323959,1.3829178133921014
emerging,Developing (MSCI Emerging proxy),KOR,25,Consumer Discretionary,2008-2010,36,2008-01-31,2010-12-31,0.28524244862545667,0.7147575513745433,1.3125680144531449,1.4692034254685689,2.362501214201916
emerging,Developing (MSCI Emerging proxy),KOR,15,Materials,2008-2010,36,2008-01-31,2010-12-31,0.6485899352326585,0.3514100647673415,1.1419184860462168,1.1771492338931984,1.735162474362609
emerging,Developing (MSCI Emerging proxy),KOR,40,Financials,2008-2010,36,2008-01-31,2010-12-31,0.5837889617752843,0.4162110382247157,1.181232703565191,1.1962235896769624,1.8711768214319937
emerging,Developing (MSCI Emerging proxy),KOR,45,Information Technology,2008-2010,36,2008-01-31,2010-12-31,0.3524738321763944,0.6475261678236056,1.2409906147850287,1.378296376701602,2.323291511984186
emerging,Developing (MSCI Emerging proxy),KOR,30,Consumer Staples,2008-2010,36,2008-01-31,2010-12-31,0.821385552557346,0.17861444744265398,1.0765011180098456,0.9627965009796768,1.4221387252977933
emerging,Developing (MSCI Emerging proxy),KOR,35,Health Care,2008-2010,36,2008-01-31,2010-12-31,0.6002790936939111,0.3997209063060889,1.2352270741467255,1.2393139534099216,1.7246216913616195
emerging,Developing (MSCI Emerging proxy),KOR,50,Communication Services,2008-2010,36,2008-01-31,2010-12-31,0.8117043165237219,0.18829568347627812,0.9354872735121313,0.6503061921756769,0.8493194838833573
emerging,Developing (MSCI Emerging proxy),KOR,55,Utilities,2008-2010,36,2008-01-31,2010-12-31,0.879785024884198,0.12021497511580204,1.0673547063143958,0.900863489099482,1.1941537081324922
emerging,Developing (MSCI Emerging proxy),KOR,20,Industrials,2020-2021,24,2020-01-31,2021-12-31,0.6503803620372162,0.34961963796278384,1.2687858052858314,1.4438411443125754,1.336231964289945
emerging,Developing (MSCI Emerging proxy),KOR,25,Consumer Discretionary,2020-2021,24,2020-01-31,2021-12-31,0.46411381266168006,0.5358861873383199,1.246953087334216,1.4760371684986935,1.8846683061820504
emerging,Developing (MSCI Emerging proxy),KOR,15,Materials,2020-2021,24,2020-01-31,2021-12-31,0.5491522436440983,0.4508477563559017,1.1999231033935034,1.3620469055302544,1.7905732601439475
emerging,Developing (MSCI Emerging proxy),KOR,40,Financials,2020-2021,24,2020-01-31,2021-12-31,0.5203685824808408,0.47963141751915916,1.2926991492470512,1.4562659680307877,1.6899291352796388
emerging,Developing (MSCI Emerging proxy),KOR,45,Information Technology,2020-2021,24,2020-01-31,2021-12-31,0.46008539943677107,0.5399146005632289,1.3378913055315973,1.5691656578566349,1.7126868383014546
emerging,Developing (MSCI Emerging proxy),KOR,30,Consumer Staples,2020-2021,24,2020-01-31,2021-12-31,0.6246482164498597,0.3753517835501403,1.1495945868302626,1.2984096767118576,1.6780510871083008
emerging,Developing (MSCI Emerging proxy),KOR,35,Health Care,2020-2021,24,2020-01-31,2021-12-31,0.47451010973088525,0.5254898902691147,1.3701725482179294,1.4420300478837593,1.7642670747056555
emerging,Developing (MSCI Emerging proxy),KOR,50,Communication Services,2020-2021,24,2020-01-31,2021-12-31,0.8193870229047097,0.18061297709529034,1.1741100133796258,1.1175867471070904,0.7498578292008453
emerging,Developing (MSCI Emerging proxy),KOR,55,Utilities,2020-2021,24,2020-01-31,2021-12-31,0.9092622580551638,0.09073774194483619,1.0121402606100909,0.8452943910803715,0.8946326436952109
emerging,Developing (MSCI Emerging proxy),KOR,60,Real Estate,2020-2021,24,2020-01-31,2021-12-31,0.4719026899128529,0.5280973100871471,1.3824337266801638,1.577100929028501,1.6247572745527765
emerging,Developing (MSCI Emerging proxy),KOR,20,Industrials,2022-2025,48,2022-01-31,2025-12-31,0.707336074106318,0.29266392589368195,0.7910573652300719,0.6259892673162092,0.7049615897726731
emerging,Developing (MSCI Emerging proxy),KOR,25,Consumer Discretionary,2022-2025,48,2022-01-31,2025-12-31,0.7980409901398293,0.20195900986017068,0.7790388985509734,0.7538100977325622,0.8612739741359524
emerging,Developing (MSCI Emerging proxy),KOR,15,Materials,2022-2025,48,2022-01-31,2025-12-31,0.7905835956343479,0.20941640436565212,0.8855621954398379,0.6795243009026631,0.8066642905605427
emerging,Developing (MSCI Emerging proxy),KOR,40,Financials,2022-2025,48,2022-01-31,2025-12-31,0.7968918187634164,0.20310818123658358,1.11912502328883,1.2151766015156884,1.2750229189052324
emerging,Developing (MSCI Emerging proxy),KOR,45,Information Technology,2022-2025,48,2022-01-31,2025-12-31,0.9161024609805938,0.08389753901940622,0.9518897754420185,0.8831413439688344,1.0867237364690716
emerging,Developing (MSCI Emerging proxy),KOR,30,Consumer Staples,2022-2025,48,2022-01-31,2025-12-31,0.7289210201273995,0.27107897987260055,1.2215400201839781,1.297014537321774,1.2946823821120492
emerging,Developing (MSCI Emerging proxy),KOR,35,Health Care,2022-2025,48,2022-01-31,2025-12-31,0.7770848355924773,0.22291516440752268,0.9507177374768524,0.7463331705651841,0.6342035987353956
emerging,Developing (MSCI Emerging proxy),KOR,50,Communication Services,2022-2025,48,2022-01-31,2025-12-31,0.7841664199101911,0.2158335800898089,0.7997880541377774,0.7338353724102049,0.8188758331825909
emerging,Developing (MSCI Emerging proxy),KOR,55,Utilities,2022-2025,48,2022-01-31,2025-12-31,0.9398949412396927,0.06010505876030725,1.0718976093355,1.1069945318196164,0.9985769648741947
emerging,Developing (MSCI Emerging proxy),KOR,60,Real Estate,2022-2025,48,2022-01-31,2025-12-31,0.8430205437199026,0.15697945628009735,1.2065053908019774,1.2104577776999181,1.0539752003383964
emerging,Developing (MSCI Emerging proxy),KWT,40,Financials,2008-2010,36,2008-01-31,2010-12-31,-0.1165835364748744,1.1165835364748744,1.6202384588930905,2.0464027462410868,2.683109404290446
emerging,Developing (MSCI Emerging proxy),KWT,15,Materials,2008-2010,36,2008-01-31,2010-12-31,-0.18063998402621473,1.1806399840262147,1.5893238584570923,2.0884017718072663,2.864194321814286
emerging,Developing (MSCI Emerging proxy),KWT,20,Industrials,2008-2010,36,2008-01-31,2010-12-31,0.1397280365377761,0.8602719634622239,1.5317248778600263,1.8762767711089674,2.172814241417678
emerging,Developing (MSCI Emerging proxy),KWT,40,Financials,2020-2021,24,2020-01-31,2021-12-31,0.897946848355454,0.10205315164454598,1.0833342246043234,1.1430976341864063,0.9202724038570917
emerging,Developing (MSCI Emerging proxy),KWT,15,Materials,2020-2021,24,2020-01-31,2021-12-31,0.8309426862856268,0.16905731371437316,1.207892207355667,1.262189163562422,0.9629094297749696
emerging,Developing (MSCI Emerging proxy),KWT,20,Industrials,2020-2021,24,2020-01-31,2021-12-31,0.9067297842544975,0.09327021574550254,1.0268864236982327,1.0664763616205548,0.8135521380822798
emerging,Developing (MSCI Emerging proxy),KWT,60,Real Estate,2020-2021,24,2020-01-31,2021-12-31,0.8104407350829238,0.1895592649170762,1.1671499844061242,1.2048441306189517,1.1966836797261526
emerging,Developing (MSCI Emerging proxy),KWT,40,Financials,2022-2025,48,2022-01-31,2025-12-31,0.8897056939643573,0.11029430603564272,1.090548869560701,0.9804843941692615,0.7791815572845113
emerging,Developing (MSCI Emerging proxy),KWT,20,Industrials,2022-2025,48,2022-01-31,2025-12-31,0.8601787177639028,0.13982128223609724,0.9869324760897022,0.7921041497321605,0.8014995274698454
emerging,Developing (MSCI Emerging proxy),KWT,60,Real Estate,2022-2025,48,2022-01-31,2025-12-31,0.8176194796137145,0.1823805203862855,1.053791475882555,1.1322280545184713,1.3611220307578302
frontier,Frontier,LKA,40,Financials,2008-2010,36,2008-01-31,2010-12-31,0.2970069568720969,0.7029930431279031,1.2695306445798198,1.4726300589106653,2.366818425893224
frontier,Frontier,LKA,30,Consumer Staples,2008-2010,36,2008-01-31,2010-12-31,0.2621109788786512,0.7378890211213488,1.3048553115483614,1.5142814729354293,2.394530278880256
frontier,Frontier,LKA,25,Consumer Discretionary,2008-2010,36,2008-01-31,2010-12-31,0.5849628353070349,0.41503716469296514,1.2249178110412353,1.3173724670874123,1.7028212159502478
frontier,Frontier,LKA,20,Industrials,2008-2010,36,2008-01-31,2010-12-31,0.28932311074515715,0.7106768892548428,1.2765552288773703,1.5390658364663083,2.31640960242085
frontier,Frontier,LKA,15,Materials,2008-2010,36,2008-01-31,2010-12-31,0.8125316566891192,0.1874683433108808,0.9283522730620722,1.0049937283507775,1.4857635746439373
frontier,Frontier,LKA,40,Financials,2022-2025,48,2022-01-31,2025-12-31,0.7034066866669408,0.29659331333305916,1.334370082329495,1.4302757191964508,1.1251341384732314
frontier,Frontier,LKA,30,Consumer Staples,2022-2025,48,2022-01-31,2025-12-31,0.5422043137106081,0.45779568628939193,1.4711833454993863,1.6685310406215255,1.2336726727472638
frontier,Frontier,LKA,25,Consumer Discretionary,2022-2025,48,2022-01-31,2025-12-31,0.6051262041111329,0.39487379588886706,1.494199459373069,1.678552391689476,0.9881304633959436
frontier,Frontier,LKA,20,Industrials,2022-2025,48,2022-01-31,2025-12-31,0.6396673437703373,0.3603326562296627,1.411760623835818,1.5705792247595398,1.09865812009363
frontier,Frontier,LKA,15,Materials,2022-2025,48,2022-01-31,2025-12-31,0.525494619080469,0.474505380919531,1.5291779245044417,1.7777380389536828,1.1166001793004687
frontier,Frontier,MAR,40,Financials,2008-2010,36,2008-01-31,2010-12-31,0.7779175666467415,0.2220824333532585,0.9906828291529285,1.1715049569635614,1.4854251722491427
frontier,Frontier,MAR,15,Materials,2008-2010,36,2008-01-31,2010-12-31,0.24484589875184248,0.7551541012481575,1.2841097593660902,1.5738471171954407,2.4075054271829415
frontier,Frontier,MAR,40,Financials,2020-2021,24,2020-01-31,2021-12-31,0.6716080802194848,0.3283919197805152,1.342051578453449,1.5333974828745,1.1097266980135965
frontier,Frontier,MAR,40,Financials,2022-2025,48,2022-01-31,2025-12-31,0.6622356743892002,0.33776432561079983,1.113546507937258,1.3151448944025603,1.5846015744925814
frontier,Frontier,MAR,20,Industrials,2022-2025,48,2022-01-31,2025-12-31,0.10413032990111715,0.8958696700988829,1.2626361266954509,1.6977559337249135,2.727216949876284
emerging,Developing (MSCI Emerging proxy),MEX,15,Materials,2008-2010,36,2008-01-31,2010-12-31,-0.07836565676004281,1.0783656567600428,1.4849751173746724,1.8215944825485166,2.9285273703569397
emerging,Developing (MSCI Emerging proxy),MEX,20,Industrials,2008-2010,36,2008-01-31,2010-12-31,-0.21442503129803714,1.2144250312980371,1.557287832801824,1.9664021440305302,3.119585117061757
emerging,Developing (MSCI Emerging proxy),MEX,30,Consumer Staples,2008-2010,36,2008-01-31,2010-12-31,0.13594290918317864,0.8640570908168214,1.4116989543563983,1.6803298273067746,2.500142490787291
emerging,Developing (MSCI Emerging proxy),MEX,25,Consumer Discretionary,2008-2010,36,2008-01-31,2010-12-31,0.6967041869170445,0.3032958130829555,1.2496092333197217,1.2581870998135596,1.402091106115585
emerging,Developing (MSCI Emerging proxy),MEX,15,Materials,2020-2021,24,2020-01-31,2021-12-31,0.39879074204406184,0.6012092579559382,1.417958737321928,1.6799736348096646,1.705695401736222
emerging,Developing (MSCI Emerging proxy),MEX,20,Industrials,2020-2021,24,2020-01-31,2021-12-31,0.84199300289495,0.15800699710504995,1.1809181093765462,1.149486420272505,0.8563835383339015
emerging,Developing (MSCI Emerging proxy),MEX,30,Consumer Staples,2020-2021,24,2020-01-31,2021-12-31,0.8833756186926512,0.11662438130734876,1.0548412191967174,1.0488482725547272,0.7538163478293984
emerging,Developing (MSCI Emerging proxy),MEX,25,Consumer Discretionary,2020-2021,24,2020-01-31,2021-12-31,0.7611890202072423,0.23881097979275767,1.254682579642226,1.4021452358257396,1.0596051239103073
emerging,Developing (MSCI Emerging proxy),MEX,40,Financials,2020-2021,24,2020-01-31,2021-12-31,0.6347124040715981,0.3652875959284019,1.3592725303392894,1.4833981913106737,1.2531920661352427
emerging,Developing (MSCI Emerging proxy),MEX,60,Real Estate,2020-2021,24,2020-01-31,2021-12-31,0.8066299213577908,0.19337007864220923,1.0831512749355257,1.0902943172217199,0.593335356230618
emerging,Developing (MSCI Emerging proxy),MEX,15,Materials,2022-2025,48,2022-01-31,2025-12-31,0.9022857418513088,0.09771425814869117,0.8937667382150795,0.9028236519773951,1.089733164638548
emerging,Developing (MSCI Emerging proxy),MEX,20,Industrials,2022-2025,48,2022-01-31,2025-12-31,0.9034795598162721,0.09652044018372785,0.9896050642568532,0.8568941085323615,0.8639395066596017
emerging,Developing (MSCI Emerging proxy),MEX,30,Consumer Staples,2022-2025,48,2022-01-31,2025-12-31,0.8566669920737512,0.1433330079262488,1.0163002237107517,1.0876319713329596,1.3260668287350352
emerging,Developing (MSCI Emerging proxy),MEX,25,Consumer Discretionary,2022-2025,48,2022-01-31,2025-12-31,0.48110508854217515,0.5188949114578248,1.0714925629129814,1.349502464411028,2.135689707049465
emerging,Developing (MSCI Emerging proxy),MEX,40,Financials,2022-2025,48,2022-01-31,2025-12-31,0.5208947414760328,0.47910525852396724,1.185333968459882,1.3542334484729137,1.8977483586391057
frontier,Frontier,MUS,40,Financials,2020-2021,24,2020-01-31,2021-12-31,0.7901439312646187,0.20985606873538132,1.2113559086608097,1.188738742169374,0.7705264446240399
frontier,Frontier,MUS,25,Consumer Discretionary,2020-2021,24,2020-01-31,2021-12-31,0.6555188222483423,0.34448117775165765,1.2305489590864491,1.4955227544404417,1.3073718197280824
frontier,Frontier,MUS,40,Financials,2022-2025,48,2022-01-31,2025-12-31,0.8655797422956172,0.13442025770438282,1.0534965611040028,0.9656241612565316,0.6846116267343229
frontier,Frontier,MUS,25,Consumer Discretionary,2022-2025,48,2022-01-31,2025-12-31,0.8727223545525826,0.12727764544741738,1.1446058324202146,1.0837032127229729,0.8464761088009354
emerging,Developing (MSCI Emerging proxy),MYS,15,Materials,2008-2010,36,2008-01-31,2010-12-31,0.0015396680890451542,0.9984603319109548,1.442296106170593,1.749119947694585,2.8039649418676866
emerging,Developing (MSCI Emerging proxy),MYS,30,Consumer Staples,2008-2010,36,2008-01-31,2010-12-31,0.06584174554505795,0.934158254454942,1.4020648350888874,1.7309061595462472,2.6695037687296916
emerging,Developing (MSCI Emerging proxy),MYS,20,Industrials,2008-2010,36,2008-01-31,2010-12-31,-0.0020770430066836543,1.0020770430066837,1.3477877513424583,1.7043697678582288,2.9540736098193636
emerging,Developing (MSCI Emerging proxy),MYS,40,Financials,2008-2010,36,2008-01-31,2010-12-31,0.13638063857308358,0.8636193614269164,1.3336873290236997,1.5726574101229296,2.68451334513412
emerging,Developing (MSCI Emerging proxy),MYS,25,Consumer Discretionary,2008-2010,36,2008-01-31,2010-12-31,-0.1515414221063327,1.1515414221063327,1.4766362288247268,1.813546789300899,3.164441248193372
emerging,Developing (MSCI Emerging proxy),MYS,45,Information Technology,2008-2010,36,2008-01-31,2010-12-31,0.5849466743516702,0.41505332564832975,1.092051186628237,1.1777868363323036,1.9753219539844484
emerging,Developing (MSCI Emerging proxy),MYS,35,Health Care,2008-2010,36,2008-01-31,2010-12-31,-0.07046244947308078,1.0704624494730808,1.401695255651544,1.714618340966722,3.0950737518009763
emerging,Developing (MSCI Emerging proxy),MYS,10,Energy,2008-2010,36,2008-01-31,2010-12-31,-0.050615186419819214,1.0506151864198192,1.4418648428834693,1.844296768515276,2.8656839478607123
emerging,Developing (MSCI Emerging proxy),MYS,15,Materials,2020-2021,24,2020-01-31,2021-12-31,0.8170518721852231,0.18294812781477687,1.1994082583373207,1.2157598683748578,0.866323743267848
emerging,Developing (MSCI Emerging proxy),MYS,30,Consumer Staples,2020-2021,24,2020-01-31,2021-12-31,0.888498536679508,0.11150146332049204,0.9258216451711945,1.0024249142060904,0.7420988790734198
emerging,Developing (MSCI Emerging proxy),MYS,20,Industrials,2020-2021,24,2020-01-31,2021-12-31,0.8239731704119873,0.17602682958801275,1.0553838704429142,0.9700687118565458,0.5572346698223302
emerging,Developing (MSCI Emerging proxy),MYS,40,Financials,2020-2021,24,2020-01-31,2021-12-31,0.8746405445488973,0.12535945545110272,1.0897012310353555,1.1525125423192768,0.8661354070013242
emerging,Developing (MSCI Emerging proxy),MYS,25,Consumer Discretionary,2020-2021,24,2020-01-31,2021-12-31,0.9298009763472538,0.07019902365274622,1.0710911924301818,1.1269139908959518,0.9874081123678949
emerging,Developing (MSCI Emerging proxy),MYS,45,Information Technology,2020-2021,24,2020-01-31,2021-12-31,0.8674544626099429,0.13254553739005714,1.127684133371644,1.177619017313657,1.0923334614848703
emerging,Developing (MSCI Emerging proxy),MYS,35,Health Care,2020-2021,24,2020-01-31,2021-12-31,0.2916358454518716,0.7083641545481284,1.2253217354956898,1.508226776756627,2.391543951392068
emerging,Developing (MSCI Emerging proxy),MYS,10,Energy,2020-2021,24,2020-01-31,2021-12-31,0.7870659476266684,0.21293405237333163,0.9767746944532524,0.851756710291874,0.5326664381348788
emerging,Developing (MSCI Emerging proxy),MYS,50,Communication Services,2020-2021,24,2020-01-31,2021-12-31,0.7259875177761961,0.2740124822238039,0.8617644460073197,0.7363085105619691,0.5798895967592995
emerging,Developing (MSCI Emerging proxy),MYS,60,Real Estate,2020-2021,24,2020-01-31,2021-12-31,0.8140850484528617,0.18591495154713833,0.9293197806918035,0.8818506728454524,0.631084691821329
emerging,Developing (MSCI Emerging proxy),MYS,15,Materials,2022-2025,48,2022-01-31,2025-12-31,0.943294750430064,0.056705249569935945,1.051745758440729,0.9263964815273439,0.9552335282035773
emerging,Developing (MSCI Emerging proxy),MYS,30,Consumer Staples,2022-2025,48,2022-01-31,2025-12-31,0.8805231744614375,0.11947682553856254,0.9865055481997599,0.891744680346927,0.7633192948376255
emerging,Developing (MSCI Emerging proxy),MYS,20,Industrials,2022-2025,48,2022-01-31,2025-12-31,0.7583288583589175,0.2416711416410825,1.1610280013626308,1.207314240136212,1.3566711834244047
emerging,Developing (MSCI Emerging proxy),MYS,40,Financials,2022-2025,48,2022-01-31,2025-12-31,0.904662167518963,0.095337832481037,1.1170523438394273,0.9954544671335254,0.8355843792627908
emerging,Developing (MSCI Emerging proxy),MYS,25,Consumer Discretionary,2022-2025,48,2022-01-31,2025-12-31,0.9581422501862554,0.04185774981374457,1.0488826737708166,0.9332901677489369,1.009980743419354
emerging,Developing (MSCI Emerging proxy),MYS,45,Information Technology,2022-2025,48,2022-01-31,2025-12-31,0.9492243271496587,0.05077567285034135,1.0797388921262279,1.0628386460268338,0.9902505196020375
emerging,Developing (MSCI Emerging proxy),MYS,35,Health Care,2022-2025,48,2022-01-31,2025-12-31,0.7673960967887993,0.23260390321120072,1.0856822920544218,1.1953861147944387,1.4167433027847416
emerging,Developing (MSCI Emerging proxy),MYS,10,Energy,2022-2025,48,2022-01-31,2025-12-31,0.5228800516040619,0.4771199483959381,0.7804620245845801,0.46479102269876005,0.323387107528846
emerging,Developing (MSCI Emerging proxy),MYS,50,Communication Services,2022-2025,48,2022-01-31,2025-12-31,0.7836420872203909,0.21635791277960914,0.8494109838388717,0.721907043170421,0.7796082346518799
emerging,Developing (MSCI Emerging proxy),MYS,60,Real Estate,2022-2025,48,2022-01-31,2025-12-31,0.878251397486202,0.12174860251379804,0.8867043471633009,0.8612101422270418,0.886839703068263
developed,Developed,NLD,20,Industrials,2008-2010,36,2008-01-31,2010-12-31,0.401011904302058,0.598988095697942,1.2486132307424698,1.3136340497005543,2.234717006650802
developed,Developed,NLD,25,Consumer Discretionary,2008-2010,36,2008-01-31,2010-12-31,0.573264820223953,0.426735179776047,1.1717797902932787,1.1885642748782936,1.919861474156569
developed,Developed,NLD,40,Financials,2008-2010,36,2008-01-31,2010-12-31,0.49179488286759143,0.5082051171324086,1.3226428804836443,1.2982061716000457,1.9037662993135358
developed,Developed,NLD,45,Information Technology,2008-2010,36,2008-01-31,2010-12-31,0.6841862347320624,0.3158137652679376,1.0565516388665468,1.1253652155677707,1.7655244413694953
developed,Developed,NLD,20,Industrials,2020-2021,24,2020-01-31,2021-12-31,0.7993508786960438,0.20064912130395618,1.2357143166351783,1.301974603352827,0.9357415560761366
developed,Developed,NLD,25,Consumer Discretionary,2020-2021,24,2020-01-31,2021-12-31,0.39411455233973613,0.6058854476602639,1.126304106646095,1.4960252414517654,2.1953269948829313
developed,Developed,NLD,45,Information Technology,2020-2021,24,2020-01-31,2021-12-31,0.7877318369437564,0.21226816305624363,1.1513501680296991,1.0991543030172863,0.6136999818782547
developed,Developed,NLD,20,Industrials,2022-2025,48,2022-01-31,2025-12-31,0.935646899528797,0.06435310047120302,0.9495905222809716,0.9074150805925463,1.0500649042871268
developed,Developed,NOR,40,Financials,2008-2010,36,2008-01-31,2010-12-31,-0.11280398189697483,1.1128039818969748,1.4243484512338074,1.8671025161593258,3.0469609782977916
developed,Developed,NOR,20,Industrials,2008-2010,36,2008-01-31,2010-12-31,0.7251452408192987,0.27485475918070135,1.127002984849928,1.1827226442428873,1.5148386484492886
developed,Developed,NOR,10,Energy,2008-2010,36,2008-01-31,2010-12-31,0.29357959488249374,0.7064204051175063,1.2612402889962284,1.6251681215588711,2.232852804797419
developed,Developed,NOR,45,Information Technology,2008-2010,36,2008-01-31,2010-12-31,0.2684073104512056,0.7315926895487944,1.2808130160239275,1.5942808852080366,2.3196841674144193
developed,Developed,NOR,35,Health Care,2008-2010,36,2008-01-31,2010-12-31,0.9538669719897548,0.046133028010245214,1.0158253214090935,0.9418994050315225,1.0644731676531647
developed,Developed,NOR,30,Consumer Staples,2008-2010,36,2008-01-31,2010-12-31,-0.1500270142212845,1.1500270142212845,1.5253501380375816,2.029634449008524,2.895096455617748
developed,Developed,NOR,40,Financials,2020-2021,24,2020-01-31,2021-12-31,0.8010928466898012,0.19890715331019881,1.1655427496464292,1.1369964750597332,0.7058177647755659
developed,Developed,NOR,20,Industrials,2020-2021,24,2020-01-31,2021-12-31,0.8176809871181674,0.1823190128818326,1.1389948201389237,1.0571439266880078,0.6491817081814336
developed,Developed,NOR,10,Energy,2020-2021,24,2020-01-31,2021-12-31,0.7775804426631965,0.22241955733680352,1.277554967903751,1.168399829646046,0.7786961255393865
developed,Developed,NOR,45,Information Technology,2020-2021,24,2020-01-31,2021-12-31,0.848991104286771,0.15100889571322895,1.1847436603042634,1.1784751759140477,1.0898078509213758
developed,Developed,NOR,35,Health Care,2020-2021,24,2020-01-31,2021-12-31,0.8747206914088846,0.12527930859111536,1.2429816583326747,1.041314679629761,0.9084584121890895
developed,Developed,NOR,30,Consumer Staples,2020-2021,24,2020-01-31,2021-12-31,0.831163496874985,0.16883650312501497,0.987901450646992,0.8786374350546627,0.6269516049233003
developed,Developed,NOR,40,Financials,2022-2025,48,2022-01-31,2025-12-31,0.8098698466011386,0.1901301533988614,0.8095410035561298,0.7719891618765706,0.8480793743707152
developed,Developed,NOR,20,Industrials,2022-2025,48,2022-01-31,2025-12-31,0.7873118721289362,0.21268812787106384,0.8162604564858239,0.7282428787578661,0.8174322811431184
developed,Developed,NOR,10,Energy,2022-2025,48,2022-01-31,2025-12-31,0.7585106284462632,0.24148937155373684,0.8185060206526937,0.8261822378224071,0.6308436268636888
developed,Developed,NOR,45,Information Technology,2022-2025,48,2022-01-31,2025-12-31,0.9337496549216168,0.06625034507838323,1.0347914943076668,1.0647533180372788,1.099206222890204
developed,Developed,NOR,35,Health Care,2022-2025,48,2022-01-31,2025-12-31,0.9762269761162727,0.023773023883727262,1.052279333026624,0.9914007589831418,1.0104404976076997
developed,Developed,NOR,30,Consumer Staples,2022-2025,48,2022-01-31,2025-12-31,0.9250059021092429,0.07499409789075706,0.9892406310411709,0.9365688251764586,0.8492082501100995
developed,Developed,NOR,15,Materials,2022-2025,48,2022-01-31,2025-12-31,0.5660617988417189,0.4339382011582811,0.7043718149190057,0.5233137858293303,0.4704997957768208
developed,Developed,NZL,25,Consumer Discretionary,2008-2010,36,2008-01-31,2010-12-31,0.31287055687960796,0.687129443120392,1.1897126619741052,1.4158082596853625,2.4558674077017084
developed,Developed,NZL,20,Industrials,2008-2010,36,2008-01-31,2010-12-31,0.2586312949477442,0.7413687050522558,1.2580737557995074,1.4968319858935482,2.4692003734637122
developed,Developed,NZL,40,Financials,2008-2010,36,2008-01-31,2010-12-31,0.2819178881489388,0.7180821118510612,1.1923436551698483,1.4520611010513234,2.509841579332012
developed,Developed,NZL,30,Consumer Staples,2008-2010,36,2008-01-31,2010-12-31,0.391395076332253,0.608604923667747,1.2812387894176167,1.5789948126313464,1.9655811689542777
developed,Developed,NZL,25,Consumer Discretionary,2020-2021,24,2020-01-31,2021-12-31,0.8851173592071249,0.11488264079287513,0.9633100428235256,0.9949961943168593,0.6970458404809897
developed,Developed,NZL,20,Industrials,2020-2021,24,2020-01-31,2021-12-31,0.7596786521221529,0.2403213478778471,1.2273880760674862,1.2509745415449371,0.7573985739788822
developed,Developed,NZL,30,Consumer Staples,2020-2021,24,2020-01-31,2021-12-31,0.8541609742985784,0.1458390257014216,1.0131130106301236,1.1335359520411583,1.2908681144329828
developed,Developed,NZL,35,Health Care,2020-2021,24,2020-01-31,2021-12-31,0.8180880601055814,0.18191193989441856,1.2103465596060528,1.2987518221946581,0.9633625621174553
developed,Developed,NZL,45,Information Technology,2020-2021,24,2020-01-31,2021-12-31,0.7512660006173114,0.2487339993826886,1.2560845708264035,1.1446009925939267,0.6544835652722645
developed,Developed,NZL,20,Industrials,2022-2025,48,2022-01-31,2025-12-31,0.6281344294643649,0.37186557053563507,0.8034783128872852,0.5839384212177353,0.496986554288074
developed,Developed,NZL,30,Consumer Staples,2022-2025,48,2022-01-31,2025-12-31,0.9541466771360505,0.0458533228639495,0.9637005956411739,0.9807506229717473,1.0820111872047697
developed,Developed,NZL,35,Health Care,2022-2025,48,2022-01-31,2025-12-31,0.9693923219221866,0.030607678077813394,0.990471683208672,1.005117763167993,1.077176954274119
frontier,Frontier,OMN,40,Financials,2008-2010,36,2008-01-31,2010-12-31,-0.36262145790070566,1.3626214579007057,1.5729654613174788,2.069112068568085,3.445786843816553
frontier,Frontier,OMN,40,Financials,2020-2021,24,2020-01-31,2021-12-31,0.8019225823904945,0.19807741760950548,0.9609478531077341,0.790628120605027,0.6541917734587224
frontier,Frontier,OMN,15,Materials,2020-2021,24,2020-01-31,2021-12-31,0.8992650364592892,0.10073496354071076,0.9395494632668068,0.7893150075630297,1.0310693614519688
frontier,Frontier,OMN,20,Industrials,2020-2021,24,2020-01-31,2021-12-31,0.07952892503129527,0.9204710749687047,1.316387624901596,1.7746961321898593,2.6703294678146587
frontier,Frontier,OMN,55,Utilities,2020-2021,24,2020-01-31,2021-12-31,0.8620617013566224,0.1379382986433776,1.0191373351822646,0.956184726712894,0.6491377125392379
frontier,Frontier,OMN,40,Financials,2022-2025,48,2022-01-31,2025-12-31,0.9320299768842581,0.06797002311574185,0.9259409880622911,0.9020876976443877,1.0319387550539043
frontier,Frontier,OMN,15,Materials,2022-2025,48,2022-01-31,2025-12-31,0.6842976564868006,0.31570234351319937,1.1994526508712793,1.2411936986961836,1.506460680972135
frontier,Frontier,OMN,20,Industrials,2022-2025,48,2022-01-31,2025-12-31,0.8680614242655552,0.13193857573444479,0.9365777148675661,0.8800807900477765,0.7875257678813231
frontier,Frontier,OMN,55,Utilities,2022-2025,48,2022-01-31,2025-12-31,0.22654691355502588,0.7734530864449741,1.4687747461629683,1.8177733053940894,2.0338112077778647
frontier,Frontier,OMN,30,Consumer Staples,2022-2025,48,2022-01-31,2025-12-31,0.7849159891991979,0.21508401080080208,0.8796485508024529,0.7014769834728495,0.7736224333222915
frontier,Frontier,PAK,15,Materials,2008-2010,36,2008-01-31,2010-12-31,0.5226825586394432,0.47731744136055676,1.194855756762236,1.360198898895676,1.8768976684237584
frontier,Frontier,PAK,40,Financials,2008-2010,36,2008-01-31,2010-12-31,0.606075241125466,0.39392475887453404,1.2562292892203388,1.3139949858610707,1.6115500015421926
frontier,Frontier,PAK,15,Materials,2020-2021,24,2020-01-31,2021-12-31,0.8410077759905431,0.1589922240094569,0.8266145254765336,0.7333965787410127,0.9630122237540831
frontier,Frontier,PAK,40,Financials,2020-2021,24,2020-01-31,2021-12-31,0.9056598254289446,0.09434017457105537,1.002560638960513,1.0339143413838456,0.7534544566311926
frontier,Frontier,PAK,25,Consumer Discretionary,2020-2021,24,2020-01-31,2021-12-31,0.9288147154001002,0.07118528459989981,0.9817971555430437,0.9698084503838198,0.834838540273437
frontier,Frontier,PAK,30,Consumer Staples,2020-2021,24,2020-01-31,2021-12-31,0.6205081376642543,0.3794918623357457,1.332837073529239,1.4078449923973229,1.3977935210806751
frontier,Frontier,PAK,20,Industrials,2020-2021,24,2020-01-31,2021-12-31,0.4909794105848776,0.5090205894151224,1.3516202119856127,1.4766402520509359,1.6988013042088186
frontier,Frontier,PAK,10,Energy,2020-2021,24,2020-01-31,2021-12-31,0.713736416001897,0.28626358399810303,0.939176390766727,0.7406500913486741,0.46138276589028987
frontier,Frontier,PAK,55,Utilities,2020-2021,24,2020-01-31,2021-12-31,0.8448297147151291,0.15517028528487087,0.9585087705753689,0.8396267890720125,0.7363535844980061
frontier,Frontier,PAK,35,Health Care,2020-2021,24,2020-01-31,2021-12-31,0.8325501045173672,0.16744989548263278,1.161494612449796,1.1354089692020721,1.2054461047960303
frontier,Frontier,PAK,15,Materials,2022-2025,48,2022-01-31,2025-12-31,0.5329794826526153,0.4670205173473847,1.1261825739621258,1.4246296421838194,1.8502493358962087
frontier,Frontier,PAK,40,Financials,2022-2025,48,2022-01-31,2025-12-31,0.2836933926844557,0.7163066073155443,1.2116827575465994,1.525522208774335,2.411714855625698
frontier,Frontier,PAK,25,Consumer Discretionary,2022-2025,48,2022-01-31,2025-12-31,0.493140463875546,0.506859536124454,1.1316456095825138,1.4668100017390466,1.9221229970518017
frontier,Frontier,PAK,30,Consumer Staples,2022-2025,48,2022-01-31,2025-12-31,0.4020275431583925,0.5979724568416075,1.304350026494705,1.6634337369644046,1.8261336070657128
frontier,Frontier,PAK,20,Industrials,2022-2025,48,2022-01-31,2025-12-31,0.9330401086278353,0.06695989137216474,0.9872737174388944,1.0287499539348441,1.1594034376205444
frontier,Frontier,PAK,10,Energy,2022-2025,48,2022-01-31,2025-12-31,0.8113204247039535,0.1886795752960465,0.9267100363939098,1.04448428063955,1.4482644816424992
frontier,Frontier,PAK,55,Utilities,2022-2025,48,2022-01-31,2025-12-31,0.9317596225113071,0.06824037748869294,0.9214198779288596,1.0121371823284644,1.1140038280664741
frontier,Frontier,PAK,35,Health Care,2022-2025,48,2022-01-31,2025-12-31,0.2631496855033838,0.7368503144966162,1.2617019353244647,1.5980962016919051,2.3507528064734786
emerging,Developing (MSCI Emerging proxy),PER,15,Materials,2008-2010,36,2008-01-31,2010-12-31,0.6684804863528706,0.3315195136471294,1.0438768742624767,1.2074562580610484,1.743225408617863
emerging,Developing (MSCI Emerging proxy),PER,15,Materials,2020-2021,24,2020-01-31,2021-12-31,0.6800453626943568,0.3199546373056432,1.3245908950738996,1.5587999888464572,1.0764730279965726
emerging,Developing (MSCI Emerging proxy),PER,30,Consumer Staples,2020-2021,24,2020-01-31,2021-12-31,0.7742487208954943,0.22575127910450565,1.2706419777734839,1.3216445326929243,0.9150326731528913
emerging,Developing (MSCI Emerging proxy),PER,40,Financials,2020-2021,24,2020-01-31,2021-12-31,0.9418901819059899,0.05810981809401006,1.0244168621236163,1.146439936992763,0.996527344834349
emerging,Developing (MSCI Emerging proxy),PER,15,Materials,2022-2025,48,2022-01-31,2025-12-31,0.7974497510943697,0.20255024890563034,1.0831899969165266,1.2192680181750988,1.3051927316252656
emerging,Developing (MSCI Emerging proxy),PER,30,Consumer Staples,2022-2025,48,2022-01-31,2025-12-31,0.7381916979802547,0.26180830201974525,1.1439665790126983,1.1474558799709709,0.5059975529244332
emerging,Developing (MSCI Emerging proxy),PER,40,Financials,2022-2025,48,2022-01-31,2025-12-31,0.930576147549927,0.06942385245007299,0.9569072911625948,1.0612296626358488,0.896050814123035
emerging,Developing (MSCI Emerging proxy),PHL,20,Industrials,2008-2010,36,2008-01-31,2010-12-31,0.343992581341671,0.656007418658329,1.2883281860722355,1.5071386342895103,2.172555435613241
emerging,Developing (MSCI Emerging proxy),PHL,15,Materials,2008-2010,36,2008-01-31,2010-12-31,0.08273971114190193,0.9172602888580981,1.3819462150826722,1.7373737687234108,2.632460882768211
emerging,Developing (MSCI Emerging proxy),PHL,30,Consumer Staples,2008-2010,36,2008-01-31,2010-12-31,0.5499041434947507,0.4500958565052493,1.3800983115035201,1.5029033594587475,1.46728589855348
emerging,Developing (MSCI Emerging proxy),PHL,25,Consumer Discretionary,2008-2010,36,2008-01-31,2010-12-31,0.39260913129568265,0.6073908687043174,1.1311222159591652,1.411164296630691,2.279886093523096
emerging,Developing (MSCI Emerging proxy),PHL,40,Financials,2008-2010,36,2008-01-31,2010-12-31,0.38850926096015914,0.6114907390398409,1.245657350196834,1.4210275738420646,2.167787293080624
emerging,Developing (MSCI Emerging proxy),PHL,20,Industrials,2020-2021,24,2020-01-31,2021-12-31,0.8764900917848159,0.12350990821518415,0.9866991726270621,1.1826102594998125,0.8253813622271979
emerging,Developing (MSCI Emerging proxy),PHL,15,Materials,2020-2021,24,2020-01-31,2021-12-31,0.3710453400128807,0.6289546599871193,1.1415292140554973,1.6751139268655397,2.0702208390403207
emerging,Developing (MSCI Emerging proxy),PHL,30,Consumer Staples,2020-2021,24,2020-01-31,2021-12-31,0.5879375984900379,0.4120624015099621,0.7960140845280596,0.5832909785045636,0.3845077324374909
emerging,Developing (MSCI Emerging proxy),PHL,25,Consumer Discretionary,2020-2021,24,2020-01-31,2021-12-31,0.5799141860466417,0.4200858139533583,1.21142724560362,1.575772291896344,1.4730579043601113
emerging,Developing (MSCI Emerging proxy),PHL,40,Financials,2020-2021,24,2020-01-31,2021-12-31,0.813639779256203,0.186360220743797,1.1270660041037173,1.3977234117065782,1.0342912464210956
emerging,Developing (MSCI Emerging proxy),PHL,10,Energy,2020-2021,24,2020-01-31,2021-12-31,0.8406462970577127,0.15935370294228735,1.105837170362591,1.2091927051701552,0.8369687667058843
emerging,Developing (MSCI Emerging proxy),PHL,60,Real Estate,2020-2021,24,2020-01-31,2021-12-31,0.8657282839436763,0.1342717160563237,1.0434982369765549,1.2065444599469415,0.8472275487545251
emerging,Developing (MSCI Emerging proxy),PHL,20,Industrials,2022-2025,48,2022-01-31,2025-12-31,0.9555219487602499,0.04447805123975013,1.0000639938577198,1.0229036118675405,0.88953345200601
emerging,Developing (MSCI Emerging proxy),PHL,15,Materials,2022-2025,48,2022-01-31,2025-12-31,0.8726599130577853,0.12734008694221466,0.9324603952078274,0.8418178963080981,0.8437014476574305
emerging,Developing (MSCI Emerging proxy),PHL,30,Consumer Staples,2022-2025,48,2022-01-31,2025-12-31,0.704002441980244,0.295997558019756,0.770841544228615,0.7325878139894078,0.608577967722709
emerging,Developing (MSCI Emerging proxy),PHL,25,Consumer Discretionary,2022-2025,48,2022-01-31,2025-12-31,0.8623285730741717,0.13767142692582834,0.8690415233873338,0.9254451306333438,1.2075009347981627
emerging,Developing (MSCI Emerging proxy),PHL,40,Financials,2022-2025,48,2022-01-31,2025-12-31,0.9393890695866898,0.06061093041331023,0.9923242717986549,1.0345586750647435,0.860401612026158
emerging,Developing (MSCI Emerging proxy),PHL,60,Real Estate,2022-2025,48,2022-01-31,2025-12-31,0.806468372027108,0.19353162797289203,0.9664012099571252,0.7599011084155531,0.6931027977086455
emerging,Developing (MSCI Emerging proxy),POL,20,Industrials,2008-2010,36,2008-01-31,2010-12-31,0.03472522785031451,0.9652747721496855,1.4186009149090206,1.715934514508515,2.7612888870315206
emerging,Developing (MSCI Emerging proxy),POL,40,Financials,2008-2010,36,2008-01-31,2010-12-31,0.4506841390599824,0.5493158609400176,1.2551100333611704,1.321565283285228,2.0712722661736542
emerging,Developing (MSCI Emerging proxy),POL,25,Consumer Discretionary,2008-2010,36,2008-01-31,2010-12-31,0.13749079350510163,0.8625092064948984,1.3721786200279924,1.6125525573361548,2.6027964421205483
emerging,Developing (MSCI Emerging proxy),POL,15,Materials,2008-2010,36,2008-01-31,2010-12-31,-0.15186216717263457,1.1518621671726346,1.4795700132866563,1.887284542931479,3.088731945299769
emerging,Developing (MSCI Emerging proxy),POL,45,Information Technology,2008-2010,36,2008-01-31,2010-12-31,0.1574385789775974,0.8425614210224026,1.367005641212558,1.6195353786145705,2.5411432432400796
emerging,Developing (MSCI Emerging proxy),POL,30,Consumer Staples,2008-2010,36,2008-01-31,2010-12-31,-0.060147377004313496,1.0601473770043135,1.415387575739286,1.7480280795082774,3.017026475765377
emerging,Developing (MSCI Emerging proxy),POL,20,Industrials,2020-2021,24,2020-01-31,2021-12-31,0.7908567921123892,0.20914320788761076,1.1861109245995827,1.1207040787638631,0.6793853797006135
emerging,Developing (MSCI Emerging proxy),POL,40,Financials,2020-2021,24,2020-01-31,2021-12-31,0.880421305801626,0.11957869419837397,1.1680411842661769,1.1853601028992078,1.0053347954297374
emerging,Developing (MSCI Emerging proxy),POL,25,Consumer Discretionary,2020-2021,24,2020-01-31,2021-12-31,0.762789351134247,0.23721064886575305,1.1333306557065979,0.9849105901718888,0.4367881189374501
emerging,Developing (MSCI Emerging proxy),POL,15,Materials,2020-2021,24,2020-01-31,2021-12-31,0.7865028558191306,0.2134971441808694,1.2109308300529529,1.1650449384008632,0.7354843359112078
emerging,Developing (MSCI Emerging proxy),POL,45,Information Technology,2020-2021,24,2020-01-31,2021-12-31,0.8409688628507822,0.1590311371492178,1.1638503372874982,1.0328122917289528,0.7195692175687977
emerging,Developing (MSCI Emerging proxy),POL,30,Consumer Staples,2020-2021,24,2020-01-31,2021-12-31,0.7157473822372757,0.28425261776272426,1.0070028550669152,0.7807126914265711,0.37353231035217155
emerging,Developing (MSCI Emerging proxy),POL,35,Health Care,2020-2021,24,2020-01-31,2021-12-31,0.26511635727272254,0.7348836427272775,1.336355965389205,1.6341872153360109,2.2341077474566164
emerging,Developing (MSCI Emerging proxy),POL,55,Utilities,2020-2021,24,2020-01-31,2021-12-31,0.7171349508354271,0.2828650491645729,1.2632275854331392,1.2085584144272856,0.6231908523667061
emerging,Developing (MSCI Emerging proxy),POL,50,Communication Services,2020-2021,24,2020-01-31,2021-12-31,0.7501147683266137,0.24988523167338628,1.2425438643698488,1.0602123589499914,0.5531005282996813
emerging,Developing (MSCI Emerging proxy),POL,60,Real Estate,2020-2021,24,2020-01-31,2021-12-31,0.7602947049832782,0.23970529501672178,1.01418798270876,0.9047971317348903,0.39027496592370453
emerging,Developing (MSCI Emerging proxy),POL,20,Industrials,2022-2025,48,2022-01-31,2025-12-31,0.7291441472268414,0.2708558527731586,1.1150439175392515,1.1904455638852678,1.5070780768949563
emerging,Developing (MSCI Emerging proxy),POL,40,Financials,2022-2025,48,2022-01-31,2025-12-31,0.5678484852313692,0.4321515147686308,1.2322410213790476,1.3990723188136043,1.6651412041132403
emerging,Developing (MSCI Emerging proxy),POL,25,Consumer Discretionary,2022-2025,48,2022-01-31,2025-12-31,0.9190015371284073,0.08099846287159274,0.9341194212413648,0.908149084111698,0.9147361060321588
emerging,Developing (MSCI Emerging proxy),POL,15,Materials,2022-2025,48,2022-01-31,2025-12-31,0.903940117957046,0.09605988204295401,0.9198072510951388,0.9731805615257246,0.8188325412502746
emerging,Developing (MSCI Emerging proxy),POL,45,Information Technology,2022-2025,48,2022-01-31,2025-12-31,0.6754381646537546,0.3245618353462454,1.1536796170432508,1.2154119481840382,1.6045939408114474
emerging,Developing (MSCI Emerging proxy),POL,30,Consumer Staples,2022-2025,48,2022-01-31,2025-12-31,0.8139093558157782,0.18609064418422183,0.9532516460066993,0.8151367195081315,0.6733397019325037
emerging,Developing (MSCI Emerging proxy),POL,35,Health Care,2022-2025,48,2022-01-31,2025-12-31,0.9648293560786524,0.03517064392134761,1.0627174182706176,1.0019962729013718,1.0407982405920535
emerging,Developing (MSCI Emerging proxy),POL,55,Utilities,2022-2025,48,2022-01-31,2025-12-31,0.6745330937841207,0.32546690621587926,1.3457717897411567,1.3929734261509177,1.2376555027555634
emerging,Developing (MSCI Emerging proxy),POL,50,Communication Services,2022-2025,48,2022-01-31,2025-12-31,0.9018075894135995,0.09819241058640049,1.0446854608427865,1.079823381384721,1.1700683895316941
emerging,Developing (MSCI Emerging proxy),POL,60,Real Estate,2022-2025,48,2022-01-31,2025-12-31,0.6726304298682553,0.3273695701317447,1.1666033555862505,1.2449433935629433,1.5705619612460406
developed,Developed,PRT,25,Consumer Discretionary,2008-2010,36,2008-01-31,2010-12-31,0.7288752323353316,0.2711247676646684,0.99654658290713,1.124724212902252,1.6851966729988834
emerging,Developing (MSCI Emerging proxy),QAT,40,Financials,2008-2010,36,2008-01-31,2010-12-31,0.41917945600089357,0.5808205439991064,1.3026397825665719,1.436215808525343,2.0036060409054044
emerging,Developing (MSCI Emerging proxy),QAT,40,Financials,2020-2021,24,2020-01-31,2021-12-31,0.8448799296168216,0.15512007038317843,1.058719952158915,1.0948100144649613,0.6881697554743409
emerging,Developing (MSCI Emerging proxy),QAT,40,Financials,2022-2025,48,2022-01-31,2025-12-31,0.9720286224690452,0.0279713775309548,0.9940119821632042,1.0571264675156413,0.9792003527595727
frontier,Frontier,ROU,20,Industrials,2020-2021,24,2020-01-31,2021-12-31,0.8345040200153773,0.16549597998462273,1.0084028758991672,0.9055293890465258,0.6063855468987732
frontier,Frontier,ROU,15,Materials,2022-2025,48,2022-01-31,2025-12-31,0.9125421127878924,0.08745788721210757,0.9724787349047307,0.9838076704701048,0.7813399329888419
frontier,Frontier,ROU,20,Industrials,2022-2025,48,2022-01-31,2025-12-31,0.041263831249256255,0.9587361687507437,1.4988689349219115,1.8632099856380355,2.5141295856922845
emerging,Developing (MSCI Emerging proxy),SAU,40,Financials,2008-2010,36,2008-01-31,2010-12-31,0.8385544486388399,0.16144555136116012,0.9504485589143349,1.0754102145953868,1.3593749984024286
emerging,Developing (MSCI Emerging proxy),SAU,15,Materials,2008-2010,36,2008-01-31,2010-12-31,0.021954499301900854,0.9780455006980991,1.4514821591173985,1.8123743508469219,2.670279992129977
emerging,Developing (MSCI Emerging proxy),SAU,30,Consumer Staples,2008-2010,36,2008-01-31,2010-12-31,0.642475206768194,0.35752479323180597,1.1912824215257538,1.2515965089863808,1.6296954491832831
emerging,Developing (MSCI Emerging proxy),SAU,20,Industrials,2008-2010,36,2008-01-31,2010-12-31,0.44581908266961856,0.5541809173303814,1.3494683285776017,1.4778772415142944,1.8351971818992483
emerging,Developing (MSCI Emerging proxy),SAU,40,Financials,2020-2021,24,2020-01-31,2021-12-31,0.9647269480156939,0.03527305198430608,1.0332384145218743,1.0564205084837655,1.0161602329472785
emerging,Developing (MSCI Emerging proxy),SAU,15,Materials,2020-2021,24,2020-01-31,2021-12-31,0.9412430752145262,0.058756924785473785,1.0217613095156681,0.9734995717594626,0.8719909633997843
emerging,Developing (MSCI Emerging proxy),SAU,30,Consumer Staples,2020-2021,24,2020-01-31,2021-12-31,0.43155011629751394,0.5684498837024861,1.3767617194335666,1.5599972681537648,1.7685906635201267
emerging,Developing (MSCI Emerging proxy),SAU,20,Industrials,2020-2021,24,2020-01-31,2021-12-31,0.9153305057605033,0.08466949423949666,1.0576906741041703,1.1150244683226607,1.0812933402916591
emerging,Developing (MSCI Emerging proxy),SAU,25,Consumer Discretionary,2020-2021,24,2020-01-31,2021-12-31,0.8248572853214723,0.1751427146785277,0.8922457139931961,0.8509042720561732,0.7314218699150474
emerging,Developing (MSCI Emerging proxy),SAU,60,Real Estate,2020-2021,24,2020-01-31,2021-12-31,0.9226898601765039,0.0773101398234961,0.8739707680082068,1.034231904931105,0.9283307174524099
emerging,Developing (MSCI Emerging proxy),SAU,40,Financials,2022-2025,48,2022-01-31,2025-12-31,0.7739713483925519,0.22602865160744812,0.9816376146894286,0.8002295568559346,0.5400468736322925
emerging,Developing (MSCI Emerging proxy),SAU,15,Materials,2022-2025,48,2022-01-31,2025-12-31,0.7231938523316026,0.2768061476683974,0.9270630696642084,0.7756957786328853,0.4668227086977141
emerging,Developing (MSCI Emerging proxy),SAU,30,Consumer Staples,2022-2025,48,2022-01-31,2025-12-31,0.947071945451506,0.05292805454849403,1.0858230554592994,1.0494902877815335,1.0234708204046492
emerging,Developing (MSCI Emerging proxy),SAU,20,Industrials,2022-2025,48,2022-01-31,2025-12-31,0.7184464206697689,0.28155357933023106,1.1525983251481096,1.246408485008187,1.4456539278343967
emerging,Developing (MSCI Emerging proxy),SAU,25,Consumer Discretionary,2022-2025,48,2022-01-31,2025-12-31,0.7982671542899592,0.2017328457100408,1.1778573049529022,1.260099894965518,1.1672413372117023
emerging,Developing (MSCI Emerging proxy),SAU,60,Real Estate,2022-2025,48,2022-01-31,2025-12-31,0.8545949959804611,0.14540500401953893,1.1486227004609615,1.0984144089346997,0.8108220973370442
developed,Developed,SGP,30,Consumer Staples,2008-2010,36,2008-01-31,2010-12-31,0.07702032634924727,0.9229796736507527,1.4299719388365433,1.7643470350122274,2.5746200471034877
developed,Developed,SGP,20,Industrials,2008-2010,36,2008-01-31,2010-12-31,0.02116629724480068,0.9788337027551993,1.4218298671865983,1.753963138483286,2.7607081025957134
developed,Developed,SGP,15,Materials,2008-2010,36,2008-01-31,2010-12-31,0.4015117115791881,0.5984882884208119,1.1558239807341804,1.4386864833004218,2.2009544012278335
developed,Developed,SGP,25,Consumer Discretionary,2008-2010,36,2008-01-31,2010-12-31,0.09681726595648843,0.9031827340435116,1.3495516622630712,1.656909360506656,2.7030871793608076
developed,Developed,SGP,45,Information Technology,2008-2010,36,2008-01-31,2010-12-31,0.1783518430310833,0.8216481569689167,1.3328458979171751,1.5971644009392663,2.534934172050309
developed,Developed,SGP,40,Financials,2008-2010,36,2008-01-31,2010-12-31,0.13225290050531635,0.8677470994946836,1.3691580565107444,1.6739173292828713,2.5601659126904353
developed,Developed,SGP,35,Health Care,2008-2010,36,2008-01-31,2010-12-31,-0.4367902156829633,1.4367902156829633,1.5675668863490992,2.0317760905447937,3.7110276701549973
developed,Developed,SGP,10,Energy,2008-2010,36,2008-01-31,2010-12-31,0.07174496259700669,0.9282550374029933,1.4469293049971625,1.7662095055761182,2.5716263016356993
developed,Developed,SGP,30,Consumer Staples,2020-2021,24,2020-01-31,2021-12-31,0.8831103096957108,0.1168896903042892,1.048119241925976,1.2852611026225609,1.0172887263643309
developed,Developed,SGP,20,Industrials,2020-2021,24,2020-01-31,2021-12-31,0.29591024120755616,0.7040897587924438,1.3135008384900486,1.632030798442677,2.166737639444606
developed,Developed,SGP,15,Materials,2020-2021,24,2020-01-31,2021-12-31,0.37258303354656697,0.627416966453433,1.1873333744114614,1.5421892040786143,2.1527283208702235
developed,Developed,SGP,25,Consumer Discretionary,2020-2021,24,2020-01-31,2021-12-31,0.8520823472279373,0.1479176527720627,1.0897109917169971,1.2060889987846761,0.8520470321854853
developed,Developed,SGP,45,Information Technology,2020-2021,24,2020-01-31,2021-12-31,0.810096052560499,0.189903947439501,1.1079587627679597,1.0825235575910188,0.6207704780404756
developed,Developed,SGP,40,Financials,2020-2021,24,2020-01-31,2021-12-31,0.8909010053753154,0.10909899462468464,1.023583823920662,1.1896362343395557,1.1140769256138363
developed,Developed,SGP,35,Health Care,2020-2021,24,2020-01-31,2021-12-31,0.9408977885969215,0.059102211403078475,1.054313981429508,1.0982567097956057,0.9752640570158784
developed,Developed,SGP,10,Energy,2020-2021,24,2020-01-31,2021-12-31,0.887115961814504,0.11288403818549597,1.1264623315267184,1.0947426145167725,0.8825528314870028
developed,Developed,SGP,50,Communication Services,2020-2021,24,2020-01-31,2021-12-31,0.9634878594295756,0.0365121405704244,0.9679095779720466,0.951778664311283,0.9707753360053973
developed,Developed,SGP,60,Real Estate,2020-2021,24,2020-01-31,2021-12-31,0.843399722312175,0.15660027768782503,1.0411501122957727,1.0236806755914107,0.5950299548237085
developed,Developed,SGP,30,Consumer Staples,2022-2025,48,2022-01-31,2025-12-31,0.8620037045866668,0.13799629541333325,1.155349674347915,1.1400939717105738,1.1185452401815108
developed,Developed,SGP,20,Industrials,2022-2025,48,2022-01-31,2025-12-31,0.8605783396988654,0.13942166030113456,1.0659197865969028,1.1121439359699343,1.2402012583365667
developed,Developed,SGP,15,Materials,2022-2025,48,2022-01-31,2025-12-31,0.5457005714811956,0.45429942851880445,1.0974813280888887,1.3345143175719827,1.9309026398955418
developed,Developed,SGP,25,Consumer Discretionary,2022-2025,48,2022-01-31,2025-12-31,0.7012467391932997,0.2987532608067003,1.2570772199419176,1.2212696419647378,1.4179129205134453
developed,Developed,SGP,45,Information Technology,2022-2025,48,2022-01-31,2025-12-31,0.894260736077397,0.10573926392260302,1.125602604714944,1.072705985803453,1.118909201249412
developed,Developed,SGP,40,Financials,2022-2025,48,2022-01-31,2025-12-31,0.8542441824899475,0.1457558175100525,0.835433397693782,0.8549831465514071,0.8723160032246535
developed,Developed,SGP,35,Health Care,2022-2025,48,2022-01-31,2025-12-31,0.861427760259836,0.13857223974016397,1.023169692962829,1.0044799521451424,1.3880670741125205
developed,Developed,SGP,10,Energy,2022-2025,48,2022-01-31,2025-12-31,0.5901412703803315,0.4098587296196685,0.8563679991216828,0.6595945430489316,0.2544612689703798
developed,Developed,SGP,50,Communication Services,2022-2025,48,2022-01-31,2025-12-31,0.8478822951124424,0.1521177048875576,0.8854508651044051,0.8209206860469106,0.8372753341860115
developed,Developed,SGP,60,Real Estate,2022-2025,48,2022-01-31,2025-12-31,0.8694081595269171,0.13059184047308292,1.1791493487506621,1.1255558369138958,0.9129296642453092
developed,Developed,SWE,40,Financials,2008-2010,36,2008-01-31,2010-12-31,0.32880331555135756,0.6711966844486424,1.278894865912122,1.4423857671630476,2.2923094202707577
developed,Developed,SWE,15,Materials,2008-2010,36,2008-01-31,2010-12-31,0.13948826608799347,0.8605117339120065,1.3539703404606562,1.6088335475353355,2.6187313137400277
developed,Developed,SWE,20,Industrials,2008-2010,36,2008-01-31,2010-12-31,0.38416503647021616,0.6158349635297838,1.228883795108941,1.3712785508778413,2.247342544602569
developed,Developed,SWE,35,Health Care,2008-2010,36,2008-01-31,2010-12-31,0.40083252224030297,0.599167477759697,1.2835479814841106,1.40415628566078,2.1097981661342002
developed,Developed,SWE,45,Information Technology,2008-2010,36,2008-01-31,2010-12-31,0.922275542135593,0.07772445786440696,1.0482508361241765,0.8816497064149121,1.0665722438839567
developed,Developed,SWE,25,Consumer Discretionary,2008-2010,36,2008-01-31,2010-12-31,0.2596156027663682,0.7403843972336318,1.3155780522433338,1.5190338945009736,2.386541244956588
developed,Developed,SWE,30,Consumer Staples,2008-2010,36,2008-01-31,2010-12-31,0.23742173652225207,0.7625782634777479,1.2932340498417694,1.5131757647285295,2.481324975862945
developed,Developed,SWE,40,Financials,2020-2021,24,2020-01-31,2021-12-31,0.7587656655854391,0.24123433441456088,0.9610986370793783,0.8662935141901065,0.4489048454868327
developed,Developed,SWE,15,Materials,2020-2021,24,2020-01-31,2021-12-31,0.8485509834979945,0.15144901650200548,1.1788953712463373,1.0750654582143693,1.20038622004531
developed,Developed,SWE,20,Industrials,2020-2021,24,2020-01-31,2021-12-31,0.7814780849466171,0.21852191505338292,1.1459533050202142,1.1587475682619677,0.6491351281220331
developed,Developed,SWE,35,Health Care,2020-2021,24,2020-01-31,2021-12-31,0.8663263327519722,0.13367366724802776,1.0803777323299006,0.9426154269195302,0.7367413036662873
developed,Developed,SWE,45,Information Technology,2020-2021,24,2020-01-31,2021-12-31,0.7945871625795778,0.20541283742042216,1.1485734142028912,1.1931049922161416,1.2745601058422336
developed,Developed,SWE,25,Consumer Discretionary,2020-2021,24,2020-01-31,2021-12-31,0.825414102774226,0.174585897225774,1.1981928701127496,1.2096064672966915,1.115958354267881
developed,Developed,SWE,50,Communication Services,2020-2021,24,2020-01-31,2021-12-31,0.1629393500568831,0.8370606499431169,1.5215940568324726,1.780510603446373,2.209077289550505
developed,Developed,SWE,30,Consumer Staples,2020-2021,24,2020-01-31,2021-12-31,0.711658120096531,0.28834187990346904,0.8421530898094708,0.7357448756657269,0.5570763948143952
developed,Developed,SWE,60,Real Estate,2020-2021,24,2020-01-31,2021-12-31,0.8473171230200822,0.15268287697991778,0.9656919189461837,0.9369564782144322,0.6393029718996307
developed,Developed,SWE,40,Financials,2022-2025,48,2022-01-31,2025-12-31,0.8641423419930783,0.13585765800692173,0.8556389539732187,0.8270015037689211,0.9097865682370951
developed,Developed,SWE,15,Materials,2022-2025,48,2022-01-31,2025-12-31,0.9262353899044908,0.07376461009550916,1.0002995423299639,0.9500280933797742,0.8289776186636623
developed,Developed,SWE,20,Industrials,2022-2025,48,2022-01-31,2025-12-31,0.8684165057564076,0.1315834942435924,0.8894196077293502,0.7891392887542158,0.9266906207856568
developed,Developed,SWE,35,Health Care,2022-2025,48,2022-01-31,2025-12-31,0.9402844581991253,0.05971554180087468,0.9525402785994848,0.9273686595596655,1.0590555635617744
developed,Developed,SWE,45,Information Technology,2022-2025,48,2022-01-31,2025-12-31,0.9661363701109192,0.03386362988908076,1.0254523955235078,0.9731354894795351,1.0492739836232696
developed,Developed,SWE,25,Consumer Discretionary,2022-2025,48,2022-01-31,2025-12-31,0.9411708053748112,0.05882919462518876,0.9547841673151749,0.8761913613669328,0.9925368874423262
developed,Developed,SWE,50,Communication Services,2022-2025,48,2022-01-31,2025-12-31,0.6753659490181427,0.32463405098185727,1.1397544502170907,1.2838528963332791,1.550294806395202
developed,Developed,SWE,30,Consumer Staples,2022-2025,48,2022-01-31,2025-12-31,0.8037401308047036,0.19625986919529637,1.198041715025348,1.0681904747361326,0.6774525821755916
developed,Developed,SWE,60,Real Estate,2022-2025,48,2022-01-31,2025-12-31,0.8916694019991733,0.10833059800082667,0.9028425611265876,0.8369649597486462,0.9352006851222863
emerging,Developing (MSCI Emerging proxy),THA,15,Materials,2008-2010,36,2008-01-31,2010-12-31,-0.06779835826926228,1.0677983582692623,1.4606567628078029,1.7541580358496722,2.9885802761503117
emerging,Developing (MSCI Emerging proxy),THA,40,Financials,2008-2010,36,2008-01-31,2010-12-31,-0.10916006231034525,1.1091600623103453,1.5244423155246483,1.8207723132081073,2.98226555819828
emerging,Developing (MSCI Emerging proxy),THA,45,Information Technology,2008-2010,36,2008-01-31,2010-12-31,0.23689071038543708,0.7631092896145629,1.3597314725052465,1.5274076980027165,2.402188698335726
emerging,Developing (MSCI Emerging proxy),THA,20,Industrials,2008-2010,36,2008-01-31,2010-12-31,-0.04742322557320788,1.0474232255732079,1.4953167409384764,1.7307913605871523,2.916161575193995
emerging,Developing (MSCI Emerging proxy),THA,25,Consumer Discretionary,2008-2010,36,2008-01-31,2010-12-31,0.009564046397381731,0.9904359536026183,1.4091974336401478,1.661954632452694,2.900155794715013
emerging,Developing (MSCI Emerging proxy),THA,30,Consumer Staples,2008-2010,36,2008-01-31,2010-12-31,0.24349306177707064,0.7565069382229294,1.301612075834511,1.4401314901164732,2.5277772487178036
emerging,Developing (MSCI Emerging proxy),THA,35,Health Care,2008-2010,36,2008-01-31,2010-12-31,0.38892367309112374,0.6110763269088763,1.3020998238245125,1.4517644725951488,2.0793646843069675
emerging,Developing (MSCI Emerging proxy),THA,50,Communication Services,2008-2010,36,2008-01-31,2010-12-31,0.6241319569991315,0.3758680430008685,1.1742917343642407,1.1805305742626768,1.772781820375688
emerging,Developing (MSCI Emerging proxy),THA,15,Materials,2020-2021,24,2020-01-31,2021-12-31,0.7910870475504689,0.20891295244953112,1.2069630474526183,1.1678888517634902,0.7481130418675153
emerging,Developing (MSCI Emerging proxy),THA,40,Financials,2020-2021,24,2020-01-31,2021-12-31,0.8189406706671399,0.18105932933286006,1.204873053428265,1.298874119581092,1.039430814989223
emerging,Developing (MSCI Emerging proxy),THA,45,Information Technology,2020-2021,24,2020-01-31,2021-12-31,0.7047251696367349,0.2952748303632651,1.177059746012464,1.1585240189977157,0.44975927392038456
emerging,Developing (MSCI Emerging proxy),THA,20,Industrials,2020-2021,24,2020-01-31,2021-12-31,0.6918364752036803,0.3081635247963197,0.8896953870418776,0.747250682596672,0.4385633559724914
emerging,Developing (MSCI Emerging proxy),THA,25,Consumer Discretionary,2020-2021,24,2020-01-31,2021-12-31,0.7697349533562758,0.23026504664372416,0.942002211650342,0.8743989973131188,0.4928036511053666
emerging,Developing (MSCI Emerging proxy),THA,30,Consumer Staples,2020-2021,24,2020-01-31,2021-12-31,0.7454274847195568,0.2545725152804432,0.9813374253859933,0.8989823845333339,0.3559626442393428
emerging,Developing (MSCI Emerging proxy),THA,35,Health Care,2020-2021,24,2020-01-31,2021-12-31,0.7039284495605107,0.2960715504394893,1.165295450685646,1.1639923991928964,0.4410731985600746
emerging,Developing (MSCI Emerging proxy),THA,50,Communication Services,2020-2021,24,2020-01-31,2021-12-31,0.7839555712367923,0.21604442876320773,1.080944345459747,0.8646567638544731,0.5681542953156508
emerging,Developing (MSCI Emerging proxy),THA,10,Energy,2020-2021,24,2020-01-31,2021-12-31,0.7861122323384478,0.21388776766155215,1.081844576150638,1.0292599392455497,0.4694412124115312
emerging,Developing (MSCI Emerging proxy),THA,55,Utilities,2020-2021,24,2020-01-31,2021-12-31,0.701069120891852,0.298930879108148,0.9732588158063421,0.8572668920753312,0.27268165479388273
emerging,Developing (MSCI Emerging proxy),THA,60,Real Estate,2020-2021,24,2020-01-31,2021-12-31,0.7293422468695406,0.27065775313045937,0.9299713980745706,0.8801430094384863,0.37791233309556493
emerging,Developing (MSCI Emerging proxy),THA,15,Materials,2022-2025,48,2022-01-31,2025-12-31,0.928078738271327,0.07192126172867297,1.0651252374885312,1.0186332448999291,0.8679946972024414
emerging,Developing (MSCI Emerging proxy),THA,40,Financials,2022-2025,48,2022-01-31,2025-12-31,0.9514214790716028,0.048578520928397206,1.0460606005247943,0.9382597516246293,0.9620652861149736
emerging,Developing (MSCI Emerging proxy),THA,45,Information Technology,2022-2025,48,2022-01-31,2025-12-31,0.7460064024639665,0.25399359753603346,1.3118497727681429,1.297581570126114,0.8474505502861562
emerging,Developing (MSCI Emerging proxy),THA,20,Industrials,2022-2025,48,2022-01-31,2025-12-31,0.9507048865318455,0.04929511346815452,0.9611259811319252,0.9162957206752874,0.9746929577883239
emerging,Developing (MSCI Emerging proxy),THA,25,Consumer Discretionary,2022-2025,48,2022-01-31,2025-12-31,0.8968833357917547,0.10311666420824528,0.9917882016064969,0.9159700833669348,0.7828917224018326
emerging,Developing (MSCI Emerging proxy),THA,30,Consumer Staples,2022-2025,48,2022-01-31,2025-12-31,0.9185281377931527,0.08147186220684732,0.9899230032617027,0.9486229667003682,0.8170384434173873
emerging,Developing (MSCI Emerging proxy),THA,35,Health Care,2022-2025,48,2022-01-31,2025-12-31,0.8023908133701629,0.19760918662983706,0.8870815977039302,0.7996920459891665,0.7203987964173919
emerging,Developing (MSCI Emerging proxy),THA,50,Communication Services,2022-2025,48,2022-01-31,2025-12-31,0.5489559780870903,0.4510440219129097,1.2361382171342503,1.4074046213577251,1.7095892272467537
emerging,Developing (MSCI Emerging proxy),THA,10,Energy,2022-2025,48,2022-01-31,2025-12-31,0.5592882003578945,0.4407117996421055,0.7398730482754095,0.5776775483751533,0.36031400442312056
emerging,Developing (MSCI Emerging proxy),THA,55,Utilities,2022-2025,48,2022-01-31,2025-12-31,0.9072385528532216,0.09276144714677836,1.121994868528094,1.0310360786620272,0.8747466057497862
emerging,Developing (MSCI Emerging proxy),THA,60,Real Estate,2022-2025,48,2022-01-31,2025-12-31,0.919099153434238,0.08090084656576202,1.0815000658024498,0.977969346718143,0.8608281793870207
frontier,Frontier,TUN,40,Financials,2008-2010,36,2008-01-31,2010-12-31,0.8886776151713119,0.11132238482868806,1.0242121793873462,1.0516199535938835,1.2581350215048346
frontier,Frontier,TUN,40,Financials,2020-2021,24,2020-01-31,2021-12-31,0.8162032631557375,0.18379673684426245,0.9800344627611639,0.755876060343276,0.7126992663627727
frontier,Frontier,TUN,25,Consumer Discretionary,2020-2021,24,2020-01-31,2021-12-31,0.6098719633419223,0.3901280366580777,1.446920168573483,1.558353466381619,0.834889524980869
frontier,Frontier,TUN,20,Industrials,2020-2021,24,2020-01-31,2021-12-31,0.8201002622398069,0.17989973776019308,1.2594710592106046,1.1422144635684937,1.138013690501481
frontier,Frontier,TUN,40,Financials,2022-2025,48,2022-01-31,2025-12-31,0.972664048205449,0.02733595179455095,1.0046317515411836,1.0294074220440843,0.9520313182016151
emerging,Developing (MSCI Emerging proxy),TUR,25,Consumer Discretionary,2008-2010,36,2008-01-31,2010-12-31,0.2826494863787814,0.7173505136212186,1.3215770326411127,1.554774015312489,2.275700492910054
emerging,Developing (MSCI Emerging proxy),TUR,40,Financials,2008-2010,36,2008-01-31,2010-12-31,0.7871563766413893,0.21284362335861073,1.1052399752862594,1.115041119598988,1.4182497751905847
emerging,Developing (MSCI Emerging proxy),TUR,15,Materials,2008-2010,36,2008-01-31,2010-12-31,0.380235988374503,0.619764011625497,1.3054042607036325,1.518372774975673,2.0355149991971855
emerging,Developing (MSCI Emerging proxy),TUR,20,Industrials,2008-2010,36,2008-01-31,2010-12-31,0.3470293766818623,0.6529706233181377,1.2886861732304131,1.5362003385233216,2.1340253582006783
emerging,Developing (MSCI Emerging proxy),TUR,30,Consumer Staples,2008-2010,36,2008-01-31,2010-12-31,0.4503517061390291,0.5496482938609709,1.1937449575920207,1.4358151292303458,2.0193847947605463
emerging,Developing (MSCI Emerging proxy),TUR,25,Consumer Discretionary,2020-2021,24,2020-01-31,2021-12-31,0.8008541506542945,0.19914584934570545,1.2267564403492728,1.359816719441731,1.0108643882461126
emerging,Developing (MSCI Emerging proxy),TUR,40,Financials,2020-2021,24,2020-01-31,2021-12-31,0.777949162865165,0.22205083713483498,0.8994800907141021,0.8802793746669945,0.5540880232143984
emerging,Developing (MSCI Emerging proxy),TUR,15,Materials,2020-2021,24,2020-01-31,2021-12-31,0.7231746398249748,0.27682536017502524,1.1764950562016212,1.304594885223292,1.3493861391001623
emerging,Developing (MSCI Emerging proxy),TUR,20,Industrials,2020-2021,24,2020-01-31,2021-12-31,0.7325729469687008,0.2674270530312992,1.1786708614747645,1.161583641594935,0.5379733439758018
emerging,Developing (MSCI Emerging proxy),TUR,30,Consumer Staples,2020-2021,24,2020-01-31,2021-12-31,0.7051751150622478,0.29482488493775216,1.1781260279576877,1.1845858314354794,1.5217627954200892
emerging,Developing (MSCI Emerging proxy),TUR,45,Information Technology,2020-2021,24,2020-01-31,2021-12-31,0.8683488296220886,0.1316511703779114,1.0706822803830665,0.9694581946855251,0.7062705745638073
emerging,Developing (MSCI Emerging proxy),TUR,60,Real Estate,2020-2021,24,2020-01-31,2021-12-31,0.8462704344122828,0.15372956558771722,1.1091507171683075,1.2050788933327905,0.8530409137379464
emerging,Developing (MSCI Emerging proxy),TUR,25,Consumer Discretionary,2022-2025,48,2022-01-31,2025-12-31,0.6791564142838766,0.32084358571612337,1.2562298157685887,1.39996494987506,1.3063359915047217
emerging,Developing (MSCI Emerging proxy),TUR,40,Financials,2022-2025,48,2022-01-31,2025-12-31,0.859473217114453,0.14052678288554699,1.147654113521588,1.092969825925881,0.8190435907908282
emerging,Developing (MSCI Emerging proxy),TUR,15,Materials,2022-2025,48,2022-01-31,2025-12-31,0.8238074860517693,0.17619251394823066,1.1135368671193475,1.1920419836200664,1.222998691105278
emerging,Developing (MSCI Emerging proxy),TUR,20,Industrials,2022-2025,48,2022-01-31,2025-12-31,0.9101495128560121,0.08985048714398791,1.0471579630496604,1.1492801255781333,1.0731133728041702
emerging,Developing (MSCI Emerging proxy),TUR,30,Consumer Staples,2022-2025,48,2022-01-31,2025-12-31,0.787782822199049,0.21221717780095095,1.2466055553716766,1.2516516176465842,1.138394360384592
emerging,Developing (MSCI Emerging proxy),TUR,45,Information Technology,2022-2025,48,2022-01-31,2025-12-31,0.8015138236252677,0.19848617637473231,1.2456515820119562,1.2737509291517084,1.0760560179605323
emerging,Developing (MSCI Emerging proxy),TUR,60,Real Estate,2022-2025,48,2022-01-31,2025-12-31,0.8588755732726596,0.14112442672734038,0.9447132908474198,0.9219083810998759,0.7100050478706831
emerging,Developing (MSCI Emerging proxy),TUR,55,Utilities,2022-2025,48,2022-01-31,2025-12-31,0.6121323402258234,0.3878676597741766,1.2098891119241895,1.432083720200428,1.5216301471979126
emerging,Developing (MSCI Emerging proxy),TUR,35,Health Care,2022-2025,48,2022-01-31,2025-12-31,0.7775296624034661,0.2224703375965339,1.2776309639032504,1.333619163958964,1.0561608849273874
emerging,Developing (MSCI Emerging proxy),TWN,15,Materials,2008-2010,36,2008-01-31,2010-12-31,0.10235630498428838,0.8976436950157116,1.3502370835254867,1.705245269896963,2.6374487316246853
emerging,Developing (MSCI Emerging proxy),TWN,45,Information Technology,2008-2010,36,2008-01-31,2010-12-31,0.48153168544045555,0.5184683145595445,1.1051244352494127,1.3738823349271627,2.076398173502058
emerging,Developing (MSCI Emerging proxy),TWN,20,Industrials,2008-2010,36,2008-01-31,2010-12-31,0.20906559784521817,0.7909344021547818,1.3354708608224122,1.612649788433941,2.4246825572079924
emerging,Developing (MSCI Emerging proxy),TWN,40,Financials,2008-2010,36,2008-01-31,2010-12-31,0.36250442151596696,0.637495578484033,1.3021178184940307,1.506389575808091,2.1039793411499774
emerging,Developing (MSCI Emerging proxy),TWN,25,Consumer Discretionary,2008-2010,36,2008-01-31,2010-12-31,0.08954648704959833,0.9104535129504017,1.3700072172784066,1.6964821165421793,2.6648712050306194
emerging,Developing (MSCI Emerging proxy),TWN,30,Consumer Staples,2008-2010,36,2008-01-31,2010-12-31,0.6074503177791208,0.39254968222087916,1.201550519694376,1.2364318463104944,1.7396666806577672
emerging,Developing (MSCI Emerging proxy),TWN,35,Health Care,2008-2010,36,2008-01-31,2010-12-31,0.7946027732555575,0.2053972267444425,1.0045020952242902,1.0822546021113317,1.5294349828977054
emerging,Developing (MSCI Emerging proxy),TWN,15,Materials,2020-2021,24,2020-01-31,2021-12-31,0.8050709113833505,0.19492908861664948,0.714583149845384,0.8887794663301654,0.8118501179745021
emerging,Developing (MSCI Emerging proxy),TWN,45,Information Technology,2020-2021,24,2020-01-31,2021-12-31,0.8923058220346081,0.10769417796539194,1.012199179083999,1.1703137998871995,1.1405695549249772
emerging,Developing (MSCI Emerging proxy),TWN,20,Industrials,2020-2021,24,2020-01-31,2021-12-31,0.8015833482651042,0.19841665173489575,0.7433257010197619,0.9232392804878449,0.7381850632877058
emerging,Developing (MSCI Emerging proxy),TWN,40,Financials,2020-2021,24,2020-01-31,2021-12-31,0.723544615720328,0.276455384279672,0.7785904456281676,0.8143334777918633,0.5777099237409531
emerging,Developing (MSCI Emerging proxy),TWN,25,Consumer Discretionary,2020-2021,24,2020-01-31,2021-12-31,0.7626178730613928,0.23738212693860716,0.8234116705330051,0.9701250771614639,0.4943168714897094
emerging,Developing (MSCI Emerging proxy),TWN,30,Consumer Staples,2020-2021,24,2020-01-31,2021-12-31,0.6494063915785595,0.3505936084214405,0.7598665754977072,0.7865762349760033,0.4017763642619684
emerging,Developing (MSCI Emerging proxy),TWN,35,Health Care,2020-2021,24,2020-01-31,2021-12-31,0.8133677421194553,0.18663225788054472,1.1088686026680508,1.1469139169385203,0.6958857459649368
emerging,Developing (MSCI Emerging proxy),TWN,60,Real Estate,2020-2021,24,2020-01-31,2021-12-31,0.677722425339861,0.32227757466013895,0.7982314610281414,0.7695690611144886,0.46536675387695337
emerging,Developing (MSCI Emerging proxy),TWN,50,Communication Services,2020-2021,24,2020-01-31,2021-12-31,0.551241043992093,0.44875895600790705,0.6716929931575187,0.7839971104495795,0.19803302836918063
emerging,Developing (MSCI Emerging proxy),TWN,15,Materials,2022-2025,48,2022-01-31,2025-12-31,0.9082757391049424,0.09172426089505759,0.9577979309825307,0.8712074385392886,0.8958218477930079
emerging,Developing (MSCI Emerging proxy),TWN,45,Information Technology,2022-2025,48,2022-01-31,2025-12-31,0.9278399408595435,0.07216005914045653,0.9290478924622154,0.9525725345742364,1.0981006044578214
emerging,Developing (MSCI Emerging proxy),TWN,20,Industrials,2022-2025,48,2022-01-31,2025-12-31,0.8106868068860518,0.18931319311394823,0.8409141493688996,0.7328820509642029,0.8582642203250529
emerging,Developing (MSCI Emerging proxy),TWN,40,Financials,2022-2025,48,2022-01-31,2025-12-31,0.9404379677070137,0.05956203229298629,0.9877318941968616,0.8721995383798757,0.9613824705443039
emerging,Developing (MSCI Emerging proxy),TWN,25,Consumer Discretionary,2022-2025,48,2022-01-31,2025-12-31,0.7770934846036468,0.2229065153963532,0.9066420085751509,0.7461590826132183,0.6784793626225711
emerging,Developing (MSCI Emerging proxy),TWN,30,Consumer Staples,2022-2025,48,2022-01-31,2025-12-31,0.8687183458297968,0.1312816541702032,1.1637389823676252,1.1219225276027533,0.891816547459769
emerging,Developing (MSCI Emerging proxy),TWN,35,Health Care,2022-2025,48,2022-01-31,2025-12-31,0.6887708088182678,0.3112291911817322,0.9242803933991144,0.6696074034863164,0.4724246295693726
emerging,Developing (MSCI Emerging proxy),TWN,60,Real Estate,2022-2025,48,2022-01-31,2025-12-31,0.7947465822392469,0.20525341776075312,1.1067075060794744,1.0602695370512611,1.4487832101515237
emerging,Developing (MSCI Emerging proxy),TWN,50,Communication Services,2022-2025,48,2022-01-31,2025-12-31,0.7679088106308211,0.23209118936917894,1.2368096308808805,1.2642021762686952,1.195261760957961
emerging,Developing (MSCI Emerging proxy),TWN,55,Utilities,2022-2025,48,2022-01-31,2025-12-31,0.771313679140991,0.22868632085900897,1.1760428592674246,1.2276995957542682,1.282316507555334
developed,Developed,USA,45,Information Technology,2008-2010,36,2008-01-31,2010-12-31,0.3369552458692727,0.6630447541307273,1.3404995255812169,1.5078564244254742,2.140778312385491
developed,Developed,USA,20,Industrials,2008-2010,36,2008-01-31,2010-12-31,0.43723037437904855,0.5627696256209515,1.2755033906504694,1.3307957066024847,2.0820097796099004
developed,Developed,USA,40,Financials,2008-2010,36,2008-01-31,2010-12-31,0.40863745825494735,0.5913625417450527,1.3129027863387046,1.4206286439651157,2.0405561949313378
developed,Developed,USA,50,Communication Services,2008-2010,36,2008-01-31,2010-12-31,0.7454968292399464,0.2545031707600536,1.1537042593819935,1.0251948778132107,1.5846103750849565
developed,Developed,USA,15,Materials,2008-2010,36,2008-01-31,2010-12-31,0.14375838845929234,0.8562416115407077,1.4044427438303404,1.702581992209204,2.4617000985825785
developed,Developed,USA,10,Energy,2008-2010,36,2008-01-31,2010-12-31,0.4977647404737541,0.5022352595262459,1.169754237697721,1.433621100940121,1.903330439940896
developed,Developed,USA,55,Utilities,2008-2010,36,2008-01-31,2010-12-31,0.5303430201223733,0.46965697987762667,1.2557099723099305,1.357975578624898,1.7952853886980518
developed,Developed,USA,30,Consumer Staples,2008-2010,36,2008-01-31,2010-12-31,0.5819846714664159,0.41801532853358414,1.1698502256695493,1.249041852325647,1.835153907605556
developed,Developed,USA,25,Consumer Discretionary,2008-2010,36,2008-01-31,2010-12-31,0.44065607214967273,0.5593439278503273,1.3103867498067583,1.3430707745709984,2.024574259173225
developed,Developed,USA,35,Health Care,2008-2010,36,2008-01-31,2010-12-31,0.7247494403350776,0.2752505596649224,1.1690983800778614,1.1902684732802808,1.4663848256366252
developed,Developed,USA,45,Information Technology,2020-2021,24,2020-01-31,2021-12-31,0.7465943380210756,0.25340566197892445,1.0405137839658025,0.8528501534114543,0.427446644617575
developed,Developed,USA,20,Industrials,2020-2021,24,2020-01-31,2021-12-31,0.8697593767753639,0.13024062322463614,1.1449003286460637,1.0885155650494314,0.8426940240215868
developed,Developed,USA,40,Financials,2020-2021,24,2020-01-31,2021-12-31,0.6933247211004454,0.3066752788995546,1.2664406131871249,1.37268320155649,1.2809020219550487
developed,Developed,USA,50,Communication Services,2020-2021,24,2020-01-31,2021-12-31,0.8954186021974359,0.10458139780256415,1.0606808996878319,0.9538831200962176,0.793053586183922
developed,Developed,USA,15,Materials,2020-2021,24,2020-01-31,2021-12-31,0.8500908387127611,0.14990916128723886,1.0669928358419183,1.0077748927224564,0.625040244702658
developed,Developed,USA,10,Energy,2020-2021,24,2020-01-31,2021-12-31,0.909151787769321,0.09084821223067896,1.087817228139954,1.1055221727965083,0.9207947642444255
developed,Developed,USA,55,Utilities,2020-2021,24,2020-01-31,2021-12-31,0.6789873075739363,0.3210126924260637,0.8476310453672133,0.7035726612865192,0.4857582160680767
developed,Developed,USA,30,Consumer Staples,2020-2021,24,2020-01-31,2021-12-31,0.7287543268025349,0.27124567319746506,0.985509921054027,0.7372519925499552,0.4635010668036223
developed,Developed,USA,25,Consumer Discretionary,2020-2021,24,2020-01-31,2021-12-31,0.8416005797253314,0.15839942027466858,1.0175553580020789,0.8733096650943827,0.6690474320836904
developed,Developed,USA,35,Health Care,2020-2021,24,2020-01-31,2021-12-31,0.6934796559684306,0.30652034403156936,0.9539331536198651,0.7632585633400413,0.3632472509453858
developed,Developed,USA,60,Real Estate,2020-2021,24,2020-01-31,2021-12-31,0.8515621372264464,0.14843786277355364,1.09787603116163,1.2719759431459463,1.0754616140130846
developed,Developed,USA,45,Information Technology,2022-2025,48,2022-01-31,2025-12-31,0.9445382909716135,0.05546170902838654,1.008258641895317,0.9233152109212966,0.9185583038888607
developed,Developed,USA,20,Industrials,2022-2025,48,2022-01-31,2025-12-31,0.6938062774237437,0.3061937225762563,0.8473229893358674,0.673789319725116,0.5603065232102478
developed,Developed,USA,40,Financials,2022-2025,48,2022-01-31,2025-12-31,0.7544963127229922,0.24550368727700778,0.8209990251146955,0.7451731648073232,0.6973167482469581
developed,Developed,USA,50,Communication Services,2022-2025,48,2022-01-31,2025-12-31,0.7535752381469946,0.24642476185300544,1.1241617416360201,1.2069600758045862,1.4081524681184099
developed,Developed,USA,15,Materials,2022-2025,48,2022-01-31,2025-12-31,0.639229487477633,0.360770512522367,0.7421277453628684,0.6134827951541063,0.5620779219159239
developed,Developed,USA,10,Energy,2022-2025,48,2022-01-31,2025-12-31,0.5799417649207965,0.4200582350792035,0.7117059608414703,0.628745602905979,0.3993737310149406
developed,Developed,USA,55,Utilities,2022-2025,48,2022-01-31,2025-12-31,0.7501919804161232,0.24980801958387677,0.7970813541279597,0.6772774287969304,0.7762171583234795
developed,Developed,USA,30,Consumer Staples,2022-2025,48,2022-01-31,2025-12-31,0.6418694175165345,0.3581305824834655,0.8398449391349107,0.5263818506209778,0.5593814627937149
developed,Developed,USA,25,Consumer Discretionary,2022-2025,48,2022-01-31,2025-12-31,0.7454662700595188,0.2545337299404812,0.864322360423272,0.761327850880178,0.6107485988751065
developed,Developed,USA,35,Health Care,2022-2025,48,2022-01-31,2025-12-31,0.7829366688588391,0.21706333114116094,0.9458167726733281,0.8551659492427062,0.547827284660483
developed,Developed,USA,60,Real Estate,2022-2025,48,2022-01-31,2025-12-31,0.7553878429989351,0.24461215700106487,0.8769657620611728,0.8363898751106349,0.5528078918249976
frontier,Frontier,VNM,20,Industrials,2008-2010,36,2008-01-31,2010-12-31,0.1722172293087928,0.8277827706912072,1.4474401190482813,1.7933083305404705,2.2425998624848695
frontier,Frontier,VNM,30,Consumer Staples,2020-2021,24,2020-01-31,2021-12-31,0.8059739667421031,0.1940260332578969,1.0961227494640116,0.9086420822838853,0.6054025674064355
frontier,Frontier,VNM,20,Industrials,2020-2021,24,2020-01-31,2021-12-31,0.8838455736114138,0.1161544263885862,1.0733808759071437,1.0870751507656389,0.8119927475070241
frontier,Frontier,VNM,15,Materials,2020-2021,24,2020-01-31,2021-12-31,0.8017321080931538,0.19826789190684624,0.9811006969515356,0.7604317437627645,0.6636638835651614
frontier,Frontier,VNM,40,Financials,2020-2021,24,2020-01-31,2021-12-31,0.8049837277567596,0.19501627224324036,1.01415557796176,0.8052544584487731,0.6238523027832659
frontier,Frontier,VNM,25,Consumer Discretionary,2020-2021,24,2020-01-31,2021-12-31,0.764092399831946,0.235907600168054,0.8593306288443103,0.7879691080211189,0.6449774626304088
frontier,Frontier,VNM,10,Energy,2020-2021,24,2020-01-31,2021-12-31,0.6937905209347857,0.30620947906521434,0.9111057869977437,0.6787256151572563,0.4915401606493573
frontier,Frontier,VNM,55,Utilities,2020-2021,24,2020-01-31,2021-12-31,0.6765809168027377,0.3234190831972623,0.9170840007099947,0.6898553933901489,0.42280335630806926
frontier,Frontier,VNM,45,Information Technology,2020-2021,24,2020-01-31,2021-12-31,0.7864399608441626,0.21356003915583743,0.8404766263730338,0.837635705031329,0.681207551128125
frontier,Frontier,VNM,35,Health Care,2020-2021,24,2020-01-31,2021-12-31,0.4514521097008479,0.5485478902991521,0.6816886847877361,0.44147278312380805,0.23119486119099952
frontier,Frontier,VNM,60,Real Estate,2020-2021,24,2020-01-31,2021-12-31,0.8738302580889631,0.12616974191103691,1.0342605438158539,1.0200535717702863,0.6758048898530296
frontier,Frontier,VNM,30,Consumer Staples,2022-2025,48,2022-01-31,2025-12-31,0.7265585291433432,0.2734414708566568,0.9632487095230454,0.8049171212572447,0.41150975664973927
frontier,Frontier,VNM,20,Industrials,2022-2025,48,2022-01-31,2025-12-31,0.8448863887101108,0.1551136112898892,1.1124556173818578,1.098964448216436,1.2539207682713738
frontier,Frontier,VNM,15,Materials,2022-2025,48,2022-01-31,2025-12-31,0.9394094441062021,0.060590555893797915,1.0966553515619868,1.028524008911081,1.0565923072083259
frontier,Frontier,VNM,40,Financials,2022-2025,48,2022-01-31,2025-12-31,0.8101080198782341,0.1898919801217659,1.1950453740764746,1.2077685731454446,0.8331380068566216
frontier,Frontier,VNM,25,Consumer Discretionary,2022-2025,48,2022-01-31,2025-12-31,0.8431087382070691,0.1568912617929309,1.1088028530990057,1.1559925087344547,1.2058784235453321
frontier,Frontier,VNM,10,Energy,2022-2025,48,2022-01-31,2025-12-31,0.9081232695322156,0.09187673046778444,1.0783802486943725,0.9751417178098789,0.8276083394811402
frontier,Frontier,VNM,55,Utilities,2022-2025,48,2022-01-31,2025-12-31,0.5368271096694,0.46317289033060005,0.736019379291359,0.5827188224906668,0.2917431272261742
frontier,Frontier,VNM,45,Information Technology,2022-2025,48,2022-01-31,2025-12-31,0.9124557980734858,0.08754420192651424,1.1111461686065756,0.9763870352395702,0.8721265275874627
frontier,Frontier,VNM,35,Health Care,2022-2025,48,2022-01-31,2025-12-31,0.7013118559589684,0.2986881440410316,1.1971055039420917,1.3231718840255013,1.3757870441555016
frontier,Frontier,VNM,60,Real Estate,2022-2025,48,2022-01-31,2025-12-31,0.2931018630169415,0.7068981369830585,1.2644795989249156,1.533864768477492,2.322350043546768
emerging,Developing (MSCI Emerging proxy),ZAF,45,Information Technology,2008-2010,36,2008-01-31,2010-12-31,0.4238494868493775,0.5761505131506225,1.2616483611852292,1.349391115694229,2.1174120625724093
emerging,Developing (MSCI Emerging proxy),ZAF,20,Industrials,2008-2010,36,2008-01-31,2010-12-31,0.5420192059902722,0.4579807940097278,1.1646073386155231,1.2783190103510724,1.9310160330625878
emerging,Developing (MSCI Emerging proxy),ZAF,25,Consumer Discretionary,2008-2010,36,2008-01-31,2010-12-31,0.8747407167966452,0.12525928320335478,0.9975902767640741,1.0136384195863721,1.3597297067877663
emerging,Developing (MSCI Emerging proxy),ZAF,15,Materials,2008-2010,36,2008-01-31,2010-12-31,0.45499842234160737,0.5450015776583926,1.256923189498454,1.3546536264084714,2.0234279170682523
emerging,Developing (MSCI Emerging proxy),ZAF,40,Financials,2008-2010,36,2008-01-31,2010-12-31,0.8596087502651601,0.14039124973483985,0.9373348726787448,0.896789193946748,1.2552978158300125
emerging,Developing (MSCI Emerging proxy),ZAF,30,Consumer Staples,2008-2010,36,2008-01-31,2010-12-31,0.8909475586265617,0.10905244137343828,0.9722713709141967,0.8943175628203897,1.1937462578549012
emerging,Developing (MSCI Emerging proxy),ZAF,45,Information Technology,2020-2021,24,2020-01-31,2021-12-31,0.39649952817734146,0.6035004718226585,1.3482654893069612,1.6922979297271223,1.7699379964338922
emerging,Developing (MSCI Emerging proxy),ZAF,20,Industrials,2020-2021,24,2020-01-31,2021-12-31,0.2932510332429299,0.7067489667570701,1.4814536636660054,1.7831388465530205,1.8556543900521842
emerging,Developing (MSCI Emerging proxy),ZAF,25,Consumer Discretionary,2020-2021,24,2020-01-31,2021-12-31,0.2955680145129911,0.7044319854870089,1.2836618640359674,1.621383832139256,2.2082502602858036
emerging,Developing (MSCI Emerging proxy),ZAF,15,Materials,2020-2021,24,2020-01-31,2021-12-31,0.8289884527313276,0.1710115472686724,1.189209602707786,1.2145495801118287,0.8907245410135975
emerging,Developing (MSCI Emerging proxy),ZAF,40,Financials,2020-2021,24,2020-01-31,2021-12-31,0.7788121254770354,0.22118787452296462,1.158315335042879,1.3222176521399616,1.1830306363860532
emerging,Developing (MSCI Emerging proxy),ZAF,30,Consumer Staples,2020-2021,24,2020-01-31,2021-12-31,0.36095237204321073,0.6390476279567893,1.4004353673106313,1.64759569645209,1.8691118201076464
emerging,Developing (MSCI Emerging proxy),ZAF,60,Real Estate,2020-2021,24,2020-01-31,2021-12-31,0.622013142948052,0.377986857051948,1.424429915584989,1.5864606119717966,1.1230700435990584
emerging,Developing (MSCI Emerging proxy),ZAF,50,Communication Services,2020-2021,24,2020-01-31,2021-12-31,0.6848713383476941,0.3151286616523059,1.403604421876103,1.4727607203974662,1.0690208426833485
emerging,Developing (MSCI Emerging proxy),ZAF,20,Industrials,2022-2025,48,2022-01-31,2025-12-31,0.9642226886285402,0.035777311371459786,1.0604783451280608,1.0163636821984525,1.0304899067878661
emerging,Developing (MSCI Emerging proxy),ZAF,25,Consumer Discretionary,2022-2025,48,2022-01-31,2025-12-31,0.8208227783284442,0.1791772216715558,1.0131177249711931,0.9453670456203315,0.5302190143361941
emerging,Developing (MSCI Emerging proxy),ZAF,15,Materials,2022-2025,48,2022-01-31,2025-12-31,0.9371106226485765,0.06288937735142353,0.9493495215641026,0.926598075056523,0.9353842713251038
emerging,Developing (MSCI Emerging proxy),ZAF,40,Financials,2022-2025,48,2022-01-31,2025-12-31,0.866072550522294,0.13392744947770596,0.9286618585502119,0.9382964273607155,0.7312593656559547
emerging,Developing (MSCI Emerging proxy),ZAF,30,Consumer Staples,2022-2025,48,2022-01-31,2025-12-31,0.7665569788659703,0.2334430211340297,0.9280083284021933,0.7465470706060088,0.6251155375897087
emerging,Developing (MSCI Emerging proxy),ZAF,60,Real Estate,2022-2025,48,2022-01-31,2025-12-31,0.9069054316228744,0.0930945683771256,1.089149634582456,1.0867994136750752,1.1033346568738456
